DQN,ADP_PATIENCE,ADP_EXPANSION
Loss (MSE),Loss (MSE),Loss (MSE)
Loss (MSE),Loss (MSE),Equality threshold
Loss (MSE),Loss (MSE),Inequality threshold
Loss (MSE),Loss (MSE),Equality & inequality thresholds
Loss (MSE),Loss (MSE),Loss (MSE) + equality threshold
Loss (MSE),Loss (MSE),Loss (MSE) + inequality threshold
Loss (MSE),Loss (MSE),Loss (MSE) + equality & inequality thresholds
Loss (MSE),Equality threshold,Loss (MSE)
Loss (MSE),Equality threshold,Equality threshold
Loss (MSE),Equality threshold,Inequality threshold
Loss (MSE),Equality threshold,Equality & inequality thresholds
Loss (MSE),Equality threshold,Loss (MSE) + equality threshold
Loss (MSE),Equality threshold,Loss (MSE) + inequality threshold
Loss (MSE),Equality threshold,Loss (MSE) + equality & inequality thresholds
Loss (MSE),Inequality threshold,Loss (MSE)
Loss (MSE),Inequality threshold,Equality threshold
Loss (MSE),Inequality threshold,Inequality threshold
Loss (MSE),Inequality threshold,Equality & inequality thresholds
Loss (MSE),Inequality threshold,Loss (MSE) + equality threshold
Loss (MSE),Inequality threshold,Loss (MSE) + inequality threshold
Loss (MSE),Inequality threshold,Loss (MSE) + equality & inequality thresholds
Loss (MSE),Equality & inequality thresholds,Loss (MSE)
Loss (MSE),Equality & inequality thresholds,Equality threshold
Loss (MSE),Equality & inequality thresholds,Inequality threshold
Loss (MSE),Equality & inequality thresholds,Equality & inequality thresholds
Loss (MSE),Equality & inequality thresholds,Loss (MSE) + equality threshold
Loss (MSE),Equality & inequality thresholds,Loss (MSE) + inequality threshold
Loss (MSE),Equality & inequality thresholds,Loss (MSE) + equality & inequality thresholds
Loss (MSE),Loss (MSE) + equality threshold,Loss (MSE)
Loss (MSE),Loss (MSE) + equality threshold,Equality threshold
Loss (MSE),Loss (MSE) + equality threshold,Inequality threshold
Loss (MSE),Loss (MSE) + equality threshold,Equality & inequality thresholds
Loss (MSE),Loss (MSE) + equality threshold,Loss (MSE) + equality threshold
Loss (MSE),Loss (MSE) + equality threshold,Loss (MSE) + inequality threshold
Loss (MSE),Loss (MSE) + equality threshold,Loss (MSE) + equality & inequality thresholds
Loss (MSE),Loss (MSE) + inequality threshold,Loss (MSE)
Loss (MSE),Loss (MSE) + inequality threshold,Equality threshold
Loss (MSE),Loss (MSE) + inequality threshold,Inequality threshold
Loss (MSE),Loss (MSE) + inequality threshold,Equality & inequality thresholds
Loss (MSE),Loss (MSE) + inequality threshold,Loss (MSE) + equality threshold
Loss (MSE),Loss (MSE) + inequality threshold,Loss (MSE) + inequality threshold
Loss (MSE),Loss (MSE) + inequality threshold,Loss (MSE) + equality & inequality thresholds
Loss (MSE),Loss (MSE) + equality & inequality thresholds,Loss (MSE)
Loss (MSE),Loss (MSE) + equality & inequality thresholds,Equality threshold
Loss (MSE),Loss (MSE) + equality & inequality thresholds,Inequality threshold
Loss (MSE),Loss (MSE) + equality & inequality thresholds,Equality & inequality thresholds
Loss (MSE),Loss (MSE) + equality & inequality thresholds,Loss (MSE) + equality threshold
Loss (MSE),Loss (MSE) + equality & inequality thresholds,Loss (MSE) + inequality threshold
Loss (MSE),Loss (MSE) + equality & inequality thresholds,Loss (MSE) + equality & inequality thresholds
Equality threshold,Loss (MSE),Loss (MSE)
Equality threshold,Loss (MSE),Equality threshold
Equality threshold,Loss (MSE),Inequality threshold
Equality threshold,Loss (MSE),Equality & inequality thresholds
Equality threshold,Loss (MSE),Loss (MSE) + equality threshold
Equality threshold,Loss (MSE),Loss (MSE) + inequality threshold
Equality threshold,Loss (MSE),Loss (MSE) + equality & inequality thresholds
Equality threshold,Equality threshold,Loss (MSE)
Equality threshold,Equality threshold,Equality threshold
Equality threshold,Equality threshold,Inequality threshold
Equality threshold,Equality threshold,Equality & inequality thresholds
Equality threshold,Equality threshold,Loss (MSE) + equality threshold
Equality threshold,Equality threshold,Loss (MSE) + inequality threshold
Equality threshold,Equality threshold,Loss (MSE) + equality & inequality thresholds
Equality threshold,Inequality threshold,Loss (MSE)
Equality threshold,Inequality threshold,Equality threshold
Equality threshold,Inequality threshold,Inequality threshold
Equality threshold,Inequality threshold,Equality & inequality thresholds
Equality threshold,Inequality threshold,Loss (MSE) + equality threshold
Equality threshold,Inequality threshold,Loss (MSE) + inequality threshold
Equality threshold,Inequality threshold,Loss (MSE) + equality & inequality thresholds
Equality threshold,Equality & inequality thresholds,Loss (MSE)
Equality threshold,Equality & inequality thresholds,Equality threshold
Equality threshold,Equality & inequality thresholds,Inequality threshold
Equality threshold,Equality & inequality thresholds,Equality & inequality thresholds
Equality threshold,Equality & inequality thresholds,Loss (MSE) + equality threshold
Equality threshold,Equality & inequality thresholds,Loss (MSE) + inequality threshold
Equality threshold,Equality & inequality thresholds,Loss (MSE) + equality & inequality thresholds
Equality threshold,Loss (MSE) + equality threshold,Loss (MSE)
Equality threshold,Loss (MSE) + equality threshold,Equality threshold
Equality threshold,Loss (MSE) + equality threshold,Inequality threshold
Equality threshold,Loss (MSE) + equality threshold,Equality & inequality thresholds
Equality threshold,Loss (MSE) + equality threshold,Loss (MSE) + equality threshold
Equality threshold,Loss (MSE) + equality threshold,Loss (MSE) + inequality threshold
Equality threshold,Loss (MSE) + equality threshold,Loss (MSE) + equality & inequality thresholds
Equality threshold,Loss (MSE) + inequality threshold,Loss (MSE)
Equality threshold,Loss (MSE) + inequality threshold,Equality threshold
Equality threshold,Loss (MSE) + inequality threshold,Inequality threshold
Equality threshold,Loss (MSE) + inequality threshold,Equality & inequality thresholds
Equality threshold,Loss (MSE) + inequality threshold,Loss (MSE) + equality threshold
Equality threshold,Loss (MSE) + inequality threshold,Loss (MSE) + inequality threshold
Equality threshold,Loss (MSE) + inequality threshold,Loss (MSE) + equality & inequality thresholds
Equality threshold,Loss (MSE) + equality & inequality thresholds,Loss (MSE)
Equality threshold,Loss (MSE) + equality & inequality thresholds,Equality threshold
Equality threshold,Loss (MSE) + equality & inequality thresholds,Inequality threshold
Equality threshold,Loss (MSE) + equality & inequality thresholds,Equality & inequality thresholds
Equality threshold,Loss (MSE) + equality & inequality thresholds,Loss (MSE) + equality threshold
Equality threshold,Loss (MSE) + equality & inequality thresholds,Loss (MSE) + inequality threshold
Equality threshold,Loss (MSE) + equality & inequality thresholds,Loss (MSE) + equality & inequality thresholds
Inequality threshold,Loss (MSE),Loss (MSE)
Inequality threshold,Loss (MSE),Equality threshold
Inequality threshold,Loss (MSE),Inequality threshold
Inequality threshold,Loss (MSE),Equality & inequality thresholds
Inequality threshold,Loss (MSE),Loss (MSE) + equality threshold
Inequality threshold,Loss (MSE),Loss (MSE) + inequality threshold
Inequality threshold,Loss (MSE),Loss (MSE) + equality & inequality thresholds
Inequality threshold,Equality threshold,Loss (MSE)
Inequality threshold,Equality threshold,Equality threshold
Inequality threshold,Equality threshold,Inequality threshold
Inequality threshold,Equality threshold,Equality & inequality thresholds
Inequality threshold,Equality threshold,Loss (MSE) + equality threshold
Inequality threshold,Equality threshold,Loss (MSE) + inequality threshold
Inequality threshold,Equality threshold,Loss (MSE) + equality & inequality thresholds
Inequality threshold,Inequality threshold,Loss (MSE)
Inequality threshold,Inequality threshold,Equality threshold
Inequality threshold,Inequality threshold,Inequality threshold
Inequality threshold,Inequality threshold,Equality & inequality thresholds
Inequality threshold,Inequality threshold,Loss (MSE) + equality threshold
Inequality threshold,Inequality threshold,Loss (MSE) + inequality threshold
Inequality threshold,Inequality threshold,Loss (MSE) + equality & inequality thresholds
Inequality threshold,Equality & inequality thresholds,Loss (MSE)
Inequality threshold,Equality & inequality thresholds,Equality threshold
Inequality threshold,Equality & inequality thresholds,Inequality threshold
Inequality threshold,Equality & inequality thresholds,Equality & inequality thresholds
Inequality threshold,Equality & inequality thresholds,Loss (MSE) + equality threshold
Inequality threshold,Equality & inequality thresholds,Loss (MSE) + inequality threshold
Inequality threshold,Equality & inequality thresholds,Loss (MSE) + equality & inequality thresholds
Inequality threshold,Loss (MSE) + equality threshold,Loss (MSE)
Inequality threshold,Loss (MSE) + equality threshold,Equality threshold
Inequality threshold,Loss (MSE) + equality threshold,Inequality threshold
Inequality threshold,Loss (MSE) + equality threshold,Equality & inequality thresholds
Inequality threshold,Loss (MSE) + equality threshold,Loss (MSE) + equality threshold
Inequality threshold,Loss (MSE) + equality threshold,Loss (MSE) + inequality threshold
Inequality threshold,Loss (MSE) + equality threshold,Loss (MSE) + equality & inequality thresholds
Inequality threshold,Loss (MSE) + inequality threshold,Loss (MSE)
Inequality threshold,Loss (MSE) + inequality threshold,Equality threshold
Inequality threshold,Loss (MSE) + inequality threshold,Inequality threshold
Inequality threshold,Loss (MSE) + inequality threshold,Equality & inequality thresholds
Inequality threshold,Loss (MSE) + inequality threshold,Loss (MSE) + equality threshold
Inequality threshold,Loss (MSE) + inequality threshold,Loss (MSE) + inequality threshold
Inequality threshold,Loss (MSE) + inequality threshold,Loss (MSE) + equality & inequality thresholds
Inequality threshold,Loss (MSE) + equality & inequality thresholds,Loss (MSE)
Inequality threshold,Loss (MSE) + equality & inequality thresholds,Equality threshold
Inequality threshold,Loss (MSE) + equality & inequality thresholds,Inequality threshold
Inequality threshold,Loss (MSE) + equality & inequality thresholds,Equality & inequality thresholds
Inequality threshold,Loss (MSE) + equality & inequality thresholds,Loss (MSE) + equality threshold
Inequality threshold,Loss (MSE) + equality & inequality thresholds,Loss (MSE) + inequality threshold
Inequality threshold,Loss (MSE) + equality & inequality thresholds,Loss (MSE) + equality & inequality thresholds
Equality & inequality thresholds,Loss (MSE),Loss (MSE)
Equality & inequality thresholds,Loss (MSE),Equality threshold
Equality & inequality thresholds,Loss (MSE),Inequality threshold
Equality & inequality thresholds,Loss (MSE),Equality & inequality thresholds
Equality & inequality thresholds,Loss (MSE),Loss (MSE) + equality threshold
Equality & inequality thresholds,Loss (MSE),Loss (MSE) + inequality threshold
Equality & inequality thresholds,Loss (MSE),Loss (MSE) + equality & inequality thresholds
Equality & inequality thresholds,Equality threshold,Loss (MSE)
Equality & inequality thresholds,Equality threshold,Equality threshold
Equality & inequality thresholds,Equality threshold,Inequality threshold
Equality & inequality thresholds,Equality threshold,Equality & inequality thresholds
Equality & inequality thresholds,Equality threshold,Loss (MSE) + equality threshold
Equality & inequality thresholds,Equality threshold,Loss (MSE) + inequality threshold
Equality & inequality thresholds,Equality threshold,Loss (MSE) + equality & inequality thresholds
Equality & inequality thresholds,Inequality threshold,Loss (MSE)
Equality & inequality thresholds,Inequality threshold,Equality threshold
Equality & inequality thresholds,Inequality threshold,Inequality threshold
Equality & inequality thresholds,Inequality threshold,Equality & inequality thresholds
Equality & inequality thresholds,Inequality threshold,Loss (MSE) + equality threshold
Equality & inequality thresholds,Inequality threshold,Loss (MSE) + inequality threshold
Equality & inequality thresholds,Inequality threshold,Loss (MSE) + equality & inequality thresholds
Equality & inequality thresholds,Equality & inequality thresholds,Loss (MSE)
Equality & inequality thresholds,Equality & inequality thresholds,Equality threshold
Equality & inequality thresholds,Equality & inequality thresholds,Inequality threshold
Equality & inequality thresholds,Equality & inequality thresholds,Equality & inequality thresholds
Equality & inequality thresholds,Equality & inequality thresholds,Loss (MSE) + equality threshold
Equality & inequality thresholds,Equality & inequality thresholds,Loss (MSE) + inequality threshold
Equality & inequality thresholds,Equality & inequality thresholds,Loss (MSE) + equality & inequality thresholds
Equality & inequality thresholds,Loss (MSE) + equality threshold,Loss (MSE)
Equality & inequality thresholds,Loss (MSE) + equality threshold,Equality threshold
Equality & inequality thresholds,Loss (MSE) + equality threshold,Inequality threshold
Equality & inequality thresholds,Loss (MSE) + equality threshold,Equality & inequality thresholds
Equality & inequality thresholds,Loss (MSE) + equality threshold,Loss (MSE) + equality threshold
Equality & inequality thresholds,Loss (MSE) + equality threshold,Loss (MSE) + inequality threshold
Equality & inequality thresholds,Loss (MSE) + equality threshold,Loss (MSE) + equality & inequality thresholds
Equality & inequality thresholds,Loss (MSE) + inequality threshold,Loss (MSE)
Equality & inequality thresholds,Loss (MSE) + inequality threshold,Equality threshold
Equality & inequality thresholds,Loss (MSE) + inequality threshold,Inequality threshold
Equality & inequality thresholds,Loss (MSE) + inequality threshold,Equality & inequality thresholds
Equality & inequality thresholds,Loss (MSE) + inequality threshold,Loss (MSE) + equality threshold
Equality & inequality thresholds,Loss (MSE) + inequality threshold,Loss (MSE) + inequality threshold
Equality & inequality thresholds,Loss (MSE) + inequality threshold,Loss (MSE) + equality & inequality thresholds
Equality & inequality thresholds,Loss (MSE) + equality & inequality thresholds,Loss (MSE)
Equality & inequality thresholds,Loss (MSE) + equality & inequality thresholds,Equality threshold
Equality & inequality thresholds,Loss (MSE) + equality & inequality thresholds,Inequality threshold
Equality & inequality thresholds,Loss (MSE) + equality & inequality thresholds,Equality & inequality thresholds
Equality & inequality thresholds,Loss (MSE) + equality & inequality thresholds,Loss (MSE) + equality threshold
Equality & inequality thresholds,Loss (MSE) + equality & inequality thresholds,Loss (MSE) + inequality threshold
Equality & inequality thresholds,Loss (MSE) + equality & inequality thresholds,Loss (MSE) + equality & inequality thresholds
Loss (MSE) + equality threshold,Loss (MSE),Loss (MSE)
Loss (MSE) + equality threshold,Loss (MSE),Equality threshold
Loss (MSE) + equality threshold,Loss (MSE),Inequality threshold
Loss (MSE) + equality threshold,Loss (MSE),Equality & inequality thresholds
Loss (MSE) + equality threshold,Loss (MSE),Loss (MSE) + equality threshold
Loss (MSE) + equality threshold,Loss (MSE),Loss (MSE) + inequality threshold
Loss (MSE) + equality threshold,Loss (MSE),Loss (MSE) + equality & inequality thresholds
Loss (MSE) + equality threshold,Equality threshold,Loss (MSE)
Loss (MSE) + equality threshold,Equality threshold,Equality threshold
Loss (MSE) + equality threshold,Equality threshold,Inequality threshold
Loss (MSE) + equality threshold,Equality threshold,Equality & inequality thresholds
Loss (MSE) + equality threshold,Equality threshold,Loss (MSE) + equality threshold
Loss (MSE) + equality threshold,Equality threshold,Loss (MSE) + inequality threshold
Loss (MSE) + equality threshold,Equality threshold,Loss (MSE) + equality & inequality thresholds
Loss (MSE) + equality threshold,Inequality threshold,Loss (MSE)
Loss (MSE) + equality threshold,Inequality threshold,Equality threshold
Loss (MSE) + equality threshold,Inequality threshold,Inequality threshold
Loss (MSE) + equality threshold,Inequality threshold,Equality & inequality thresholds
Loss (MSE) + equality threshold,Inequality threshold,Loss (MSE) + equality threshold
Loss (MSE) + equality threshold,Inequality threshold,Loss (MSE) + inequality threshold
Loss (MSE) + equality threshold,Inequality threshold,Loss (MSE) + equality & inequality thresholds
Loss (MSE) + equality threshold,Equality & inequality thresholds,Loss (MSE)
Loss (MSE) + equality threshold,Equality & inequality thresholds,Equality threshold
Loss (MSE) + equality threshold,Equality & inequality thresholds,Inequality threshold
Loss (MSE) + equality threshold,Equality & inequality thresholds,Equality & inequality thresholds
Loss (MSE) + equality threshold,Equality & inequality thresholds,Loss (MSE) + equality threshold
Loss (MSE) + equality threshold,Equality & inequality thresholds,Loss (MSE) + inequality threshold
Loss (MSE) + equality threshold,Equality & inequality thresholds,Loss (MSE) + equality & inequality thresholds
Loss (MSE) + equality threshold,Loss (MSE) + equality threshold,Loss (MSE)
Loss (MSE) + equality threshold,Loss (MSE) + equality threshold,Equality threshold
Loss (MSE) + equality threshold,Loss (MSE) + equality threshold,Inequality threshold
Loss (MSE) + equality threshold,Loss (MSE) + equality threshold,Equality & inequality thresholds
Loss (MSE) + equality threshold,Loss (MSE) + equality threshold,Loss (MSE) + equality threshold
Loss (MSE) + equality threshold,Loss (MSE) + equality threshold,Loss (MSE) + inequality threshold
Loss (MSE) + equality threshold,Loss (MSE) + equality threshold,Loss (MSE) + equality & inequality thresholds
Loss (MSE) + equality threshold,Loss (MSE) + inequality threshold,Loss (MSE)
Loss (MSE) + equality threshold,Loss (MSE) + inequality threshold,Equality threshold
Loss (MSE) + equality threshold,Loss (MSE) + inequality threshold,Inequality threshold
Loss (MSE) + equality threshold,Loss (MSE) + inequality threshold,Equality & inequality thresholds
Loss (MSE) + equality threshold,Loss (MSE) + inequality threshold,Loss (MSE) + equality threshold
Loss (MSE) + equality threshold,Loss (MSE) + inequality threshold,Loss (MSE) + inequality threshold
Loss (MSE) + equality threshold,Loss (MSE) + inequality threshold,Loss (MSE) + equality & inequality thresholds
Loss (MSE) + equality threshold,Loss (MSE) + equality & inequality thresholds,Loss (MSE)
Loss (MSE) + equality threshold,Loss (MSE) + equality & inequality thresholds,Equality threshold
Loss (MSE) + equality threshold,Loss (MSE) + equality & inequality thresholds,Inequality threshold
Loss (MSE) + equality threshold,Loss (MSE) + equality & inequality thresholds,Equality & inequality thresholds
Loss (MSE) + equality threshold,Loss (MSE) + equality & inequality thresholds,Loss (MSE) + equality threshold
Loss (MSE) + equality threshold,Loss (MSE) + equality & inequality thresholds,Loss (MSE) + inequality threshold
Loss (MSE) + equality threshold,Loss (MSE) + equality & inequality thresholds,Loss (MSE) + equality & inequality thresholds
Loss (MSE) + inequality threshold,Loss (MSE),Loss (MSE)
Loss (MSE) + inequality threshold,Loss (MSE),Equality threshold
Loss (MSE) + inequality threshold,Loss (MSE),Inequality threshold
Loss (MSE) + inequality threshold,Loss (MSE),Equality & inequality thresholds
Loss (MSE) + inequality threshold,Loss (MSE),Loss (MSE) + equality threshold
Loss (MSE) + inequality threshold,Loss (MSE),Loss (MSE) + inequality threshold
Loss (MSE) + inequality threshold,Loss (MSE),Loss (MSE) + equality & inequality thresholds
Loss (MSE) + inequality threshold,Equality threshold,Loss (MSE)
Loss (MSE) + inequality threshold,Equality threshold,Equality threshold
Loss (MSE) + inequality threshold,Equality threshold,Inequality threshold
Loss (MSE) + inequality threshold,Equality threshold,Equality & inequality thresholds
Loss (MSE) + inequality threshold,Equality threshold,Loss (MSE) + equality threshold
Loss (MSE) + inequality threshold,Equality threshold,Loss (MSE) + inequality threshold
Loss (MSE) + inequality threshold,Equality threshold,Loss (MSE) + equality & inequality thresholds
Loss (MSE) + inequality threshold,Inequality threshold,Loss (MSE)
Loss (MSE) + inequality threshold,Inequality threshold,Equality threshold
Loss (MSE) + inequality threshold,Inequality threshold,Inequality threshold
Loss (MSE) + inequality threshold,Inequality threshold,Equality & inequality thresholds
Loss (MSE) + inequality threshold,Inequality threshold,Loss (MSE) + equality threshold
Loss (MSE) + inequality threshold,Inequality threshold,Loss (MSE) + inequality threshold
Loss (MSE) + inequality threshold,Inequality threshold,Loss (MSE) + equality & inequality thresholds
Loss (MSE) + inequality threshold,Equality & inequality thresholds,Loss (MSE)
Loss (MSE) + inequality threshold,Equality & inequality thresholds,Equality threshold
Loss (MSE) + inequality threshold,Equality & inequality thresholds,Inequality threshold
Loss (MSE) + inequality threshold,Equality & inequality thresholds,Equality & inequality thresholds
Loss (MSE) + inequality threshold,Equality & inequality thresholds,Loss (MSE) + equality threshold
Loss (MSE) + inequality threshold,Equality & inequality thresholds,Loss (MSE) + inequality threshold
Loss (MSE) + inequality threshold,Equality & inequality thresholds,Loss (MSE) + equality & inequality thresholds
Loss (MSE) + inequality threshold,Loss (MSE) + equality threshold,Loss (MSE)
Loss (MSE) + inequality threshold,Loss (MSE) + equality threshold,Equality threshold
Loss (MSE) + inequality threshold,Loss (MSE) + equality threshold,Inequality threshold
Loss (MSE) + inequality threshold,Loss (MSE) + equality threshold,Equality & inequality thresholds
Loss (MSE) + inequality threshold,Loss (MSE) + equality threshold,Loss (MSE) + equality threshold
Loss (MSE) + inequality threshold,Loss (MSE) + equality threshold,Loss (MSE) + inequality threshold
Loss (MSE) + inequality threshold,Loss (MSE) + equality threshold,Loss (MSE) + equality & inequality thresholds
Loss (MSE) + inequality threshold,Loss (MSE) + inequality threshold,Loss (MSE)
Loss (MSE) + inequality threshold,Loss (MSE) + inequality threshold,Equality threshold
Loss (MSE) + inequality threshold,Loss (MSE) + inequality threshold,Inequality threshold
Loss (MSE) + inequality threshold,Loss (MSE) + inequality threshold,Equality & inequality thresholds
Loss (MSE) + inequality threshold,Loss (MSE) + inequality threshold,Loss (MSE) + equality threshold
Loss (MSE) + inequality threshold,Loss (MSE) + inequality threshold,Loss (MSE) + inequality threshold
Loss (MSE) + inequality threshold,Loss (MSE) + inequality threshold,Loss (MSE) + equality & inequality thresholds
Loss (MSE) + inequality threshold,Loss (MSE) + equality & inequality thresholds,Loss (MSE)
Loss (MSE) + inequality threshold,Loss (MSE) + equality & inequality thresholds,Equality threshold
Loss (MSE) + inequality threshold,Loss (MSE) + equality & inequality thresholds,Inequality threshold
Loss (MSE) + inequality threshold,Loss (MSE) + equality & inequality thresholds,Equality & inequality thresholds
Loss (MSE) + inequality threshold,Loss (MSE) + equality & inequality thresholds,Loss (MSE) + equality threshold
Loss (MSE) + inequality threshold,Loss (MSE) + equality & inequality thresholds,Loss (MSE) + inequality threshold
Loss (MSE) + inequality threshold,Loss (MSE) + equality & inequality thresholds,Loss (MSE) + equality & inequality thresholds
Loss (MSE) + equality & inequality thresholds,Loss (MSE),Loss (MSE)
Loss (MSE) + equality & inequality thresholds,Loss (MSE),Equality threshold
Loss (MSE) + equality & inequality thresholds,Loss (MSE),Inequality threshold
Loss (MSE) + equality & inequality thresholds,Loss (MSE),Equality & inequality thresholds
Loss (MSE) + equality & inequality thresholds,Loss (MSE),Loss (MSE) + equality threshold
Loss (MSE) + equality & inequality thresholds,Loss (MSE),Loss (MSE) + inequality threshold
Loss (MSE) + equality & inequality thresholds,Loss (MSE),Loss (MSE) + equality & inequality thresholds
Loss (MSE) + equality & inequality thresholds,Equality threshold,Loss (MSE)
Loss (MSE) + equality & inequality thresholds,Equality threshold,Equality threshold
Loss (MSE) + equality & inequality thresholds,Equality threshold,Inequality threshold
Loss (MSE) + equality & inequality thresholds,Equality threshold,Equality & inequality thresholds
Loss (MSE) + equality & inequality thresholds,Equality threshold,Loss (MSE) + equality threshold
Loss (MSE) + equality & inequality thresholds,Equality threshold,Loss (MSE) + inequality threshold
Loss (MSE) + equality & inequality thresholds,Equality threshold,Loss (MSE) + equality & inequality thresholds
Loss (MSE) + equality & inequality thresholds,Inequality threshold,Loss (MSE)
Loss (MSE) + equality & inequality thresholds,Inequality threshold,Equality threshold
Loss (MSE) + equality & inequality thresholds,Inequality threshold,Inequality threshold
Loss (MSE) + equality & inequality thresholds,Inequality threshold,Equality & inequality thresholds
Loss (MSE) + equality & inequality thresholds,Inequality threshold,Loss (MSE) + equality threshold
Loss (MSE) + equality & inequality thresholds,Inequality threshold,Loss (MSE) + inequality threshold
Loss (MSE) + equality & inequality thresholds,Inequality threshold,Loss (MSE) + equality & inequality thresholds
Loss (MSE) + equality & inequality thresholds,Equality & inequality thresholds,Loss (MSE)
Loss (MSE) + equality & inequality thresholds,Equality & inequality thresholds,Equality threshold
Loss (MSE) + equality & inequality thresholds,Equality & inequality thresholds,Inequality threshold
Loss (MSE) + equality & inequality thresholds,Equality & inequality thresholds,Equality & inequality thresholds
Loss (MSE) + equality & inequality thresholds,Equality & inequality thresholds,Loss (MSE) + equality threshold
Loss (MSE) + equality & inequality thresholds,Equality & inequality thresholds,Loss (MSE) + inequality threshold
Loss (MSE) + equality & inequality thresholds,Equality & inequality thresholds,Loss (MSE) + equality & inequality thresholds
Loss (MSE) + equality & inequality thresholds,Loss (MSE) + equality threshold,Loss (MSE)
Loss (MSE) + equality & inequality thresholds,Loss (MSE) + equality threshold,Equality threshold
Loss (MSE) + equality & inequality thresholds,Loss (MSE) + equality threshold,Inequality threshold
Loss (MSE) + equality & inequality thresholds,Loss (MSE) + equality threshold,Equality & inequality thresholds
Loss (MSE) + equality & inequality thresholds,Loss (MSE) + equality threshold,Loss (MSE) + equality threshold
Loss (MSE) + equality & inequality thresholds,Loss (MSE) + equality threshold,Loss (MSE) + inequality threshold
Loss (MSE) + equality & inequality thresholds,Loss (MSE) + equality threshold,Loss (MSE) + equality & inequality thresholds
Loss (MSE) + equality & inequality thresholds,Loss (MSE) + inequality threshold,Loss (MSE)
Loss (MSE) + equality & inequality thresholds,Loss (MSE) + inequality threshold,Equality threshold
Loss (MSE) + equality & inequality thresholds,Loss (MSE) + inequality threshold,Inequality threshold
Loss (MSE) + equality & inequality thresholds,Loss (MSE) + inequality threshold,Equality & inequality thresholds
Loss (MSE) + equality & inequality thresholds,Loss (MSE) + inequality threshold,Loss (MSE) + equality threshold
Loss (MSE) + equality & inequality thresholds,Loss (MSE) + inequality threshold,Loss (MSE) + inequality threshold
Loss (MSE) + equality & inequality thresholds,Loss (MSE) + inequality threshold,Loss (MSE) + equality & inequality thresholds
Loss (MSE) + equality & inequality thresholds,Loss (MSE) + equality & inequality thresholds,Loss (MSE)
Loss (MSE) + equality & inequality thresholds,Loss (MSE) + equality & inequality thresholds,Equality threshold
Loss (MSE) + equality & inequality thresholds,Loss (MSE) + equality & inequality thresholds,Inequality threshold
Loss (MSE) + equality & inequality thresholds,Loss (MSE) + equality & inequality thresholds,Equality & inequality thresholds
Loss (MSE) + equality & inequality thresholds,Loss (MSE) + equality & inequality thresholds,Loss (MSE) + equality threshold
Loss (MSE) + equality & inequality thresholds,Loss (MSE) + equality & inequality thresholds,Loss (MSE) + inequality threshold
Loss (MSE) + equality & inequality thresholds,Loss (MSE) + equality & inequality thresholds,Loss (MSE) + equality & inequality thresholds
