task,phase,candidate_index,candidate_dir,architecture,best_val,best_epoch,final_epoch,best_checkpoint,last_checkpoint,improved_over_global,search_phase,width_fail,depth_fail,consecutive_fail,width_stage_improved,width_stage_margin_fail,width_stage_anchor_val,width_stage_margin_pct
denoising,ae_depth_to_width,0,cand_000_d1_w1,[1],1.0009640226895378,13,18,MLPS/tabular/shared/dae_dnn/results/goliath_w2d_staged_current/denoising/ae_depth_to_width/cand_000_d1_w1/checkpoint_best.pt,MLPS/tabular/shared/dae_dnn/results/goliath_w2d_staged_current/denoising/ae_depth_to_width/cand_000_d1_w1/checkpoint_last.pt,True,depth,0,0,0,False,0,,
denoising,ae_depth_to_width,1,cand_001_d2_w1,"[1, 1]",1.0060082581779373,2,7,MLPS/tabular/shared/dae_dnn/results/goliath_w2d_staged_current/denoising/ae_depth_to_width/cand_001_d2_w1/checkpoint_best.pt,MLPS/tabular/shared/dae_dnn/results/goliath_w2d_staged_current/denoising/ae_depth_to_width/cand_001_d2_w1/checkpoint_last.pt,False,depth,0,1,1,False,0,,
denoising,ae_depth_to_width,2,cand_002_d3_w1,"[1, 1, 1]",1.0124014028634811,3,8,MLPS/tabular/shared/dae_dnn/results/goliath_w2d_staged_current/denoising/ae_depth_to_width/cand_002_d3_w1/checkpoint_best.pt,MLPS/tabular/shared/dae_dnn/results/goliath_w2d_staged_current/denoising/ae_depth_to_width/cand_002_d3_w1/checkpoint_last.pt,False,depth,0,2,2,False,0,,
denoising,ae_depth_to_width,3,cand_003_d4_w1,"[1, 1, 1, 1]",1.0141835517568232,2,7,MLPS/tabular/shared/dae_dnn/results/goliath_w2d_staged_current/denoising/ae_depth_to_width/cand_003_d4_w1/checkpoint_best.pt,MLPS/tabular/shared/dae_dnn/results/goliath_w2d_staged_current/denoising/ae_depth_to_width/cand_003_d4_w1/checkpoint_last.pt,False,depth,0,3,3,False,0,,
denoising,ae_depth_to_width,4,cand_004_d5_w1,"[1, 1, 1, 1, 1]",1.0703527813413172,2,7,MLPS/tabular/shared/dae_dnn/results/goliath_w2d_staged_current/denoising/ae_depth_to_width/cand_004_d5_w1/checkpoint_best.pt,MLPS/tabular/shared/dae_dnn/results/goliath_w2d_staged_current/denoising/ae_depth_to_width/cand_004_d5_w1/checkpoint_last.pt,False,depth,0,4,4,False,0,,
denoising,ae_depth_to_width,5,cand_005_d6_w1,"[1, 1, 1, 1, 1, 1]",1.0703341191897193,1,6,MLPS/tabular/shared/dae_dnn/results/goliath_w2d_staged_current/denoising/ae_depth_to_width/cand_005_d6_w1/checkpoint_best.pt,MLPS/tabular/shared/dae_dnn/results/goliath_w2d_staged_current/denoising/ae_depth_to_width/cand_005_d6_w1/checkpoint_last.pt,False,depth,0,5,5,False,0,,
denoising,ae_depth_to_width,6,cand_006_d6_w2,"[2, 1, 1, 1, 1, 1]",1.0703425893943443,1,6,MLPS/tabular/shared/dae_dnn/results/goliath_w2d_staged_current/denoising/ae_depth_to_width/cand_006_d6_w2/checkpoint_best.pt,MLPS/tabular/shared/dae_dnn/results/goliath_w2d_staged_current/denoising/ae_depth_to_width/cand_006_d6_w2/checkpoint_last.pt,False,width,0,5,5,False,0,,
denoising,ae_depth_to_width,7,cand_007_d6_w2,"[2, 2, 1, 1, 1, 1]",1.070330608581705,1,6,MLPS/tabular/shared/dae_dnn/results/goliath_w2d_staged_current/denoising/ae_depth_to_width/cand_007_d6_w2/checkpoint_best.pt,MLPS/tabular/shared/dae_dnn/results/goliath_w2d_staged_current/denoising/ae_depth_to_width/cand_007_d6_w2/checkpoint_last.pt,False,width,0,5,5,False,0,,
denoising,ae_depth_to_width,8,cand_008_d6_w2,"[2, 2, 2, 1, 1, 1]",1.0703268248054838,1,6,MLPS/tabular/shared/dae_dnn/results/goliath_w2d_staged_current/denoising/ae_depth_to_width/cand_008_d6_w2/checkpoint_best.pt,MLPS/tabular/shared/dae_dnn/results/goliath_w2d_staged_current/denoising/ae_depth_to_width/cand_008_d6_w2/checkpoint_last.pt,False,width,0,5,5,False,0,,
denoising,ae_depth_to_width,9,cand_009_d6_w2,"[2, 2, 2, 2, 1, 1]",1.0703233516533686,1,6,MLPS/tabular/shared/dae_dnn/results/goliath_w2d_staged_current/denoising/ae_depth_to_width/cand_009_d6_w2/checkpoint_best.pt,MLPS/tabular/shared/dae_dnn/results/goliath_w2d_staged_current/denoising/ae_depth_to_width/cand_009_d6_w2/checkpoint_last.pt,False,width,0,5,5,False,0,,
denoising,ae_depth_to_width,10,cand_010_d6_w2,"[2, 2, 2, 2, 2, 1]",1.0011138869317575,11,16,MLPS/tabular/shared/dae_dnn/results/goliath_w2d_staged_current/denoising/ae_depth_to_width/cand_010_d6_w2/checkpoint_best.pt,MLPS/tabular/shared/dae_dnn/results/goliath_w2d_staged_current/denoising/ae_depth_to_width/cand_010_d6_w2/checkpoint_last.pt,False,width,0,5,5,False,0,,
denoising,ae_depth_to_width,11,cand_011_d6_w2,"[2, 2, 2, 2, 2, 2]",0.956507168044564,28,33,MLPS/tabular/shared/dae_dnn/results/goliath_w2d_staged_current/denoising/ae_depth_to_width/cand_011_d6_w2/checkpoint_best.pt,MLPS/tabular/shared/dae_dnn/results/goliath_w2d_staged_current/denoising/ae_depth_to_width/cand_011_d6_w2/checkpoint_last.pt,True,width,0,5,0,False,0,0.956507168044564,inf
denoising,ae_depth_to_width,12,cand_012_d7_w2,"[2, 2, 2, 2, 2, 2, 2]",0.9605412040958532,2,7,MLPS/tabular/shared/dae_dnn/results/goliath_w2d_staged_current/denoising/ae_depth_to_width/cand_012_d7_w2/checkpoint_best.pt,MLPS/tabular/shared/dae_dnn/results/goliath_w2d_staged_current/denoising/ae_depth_to_width/cand_012_d7_w2/checkpoint_last.pt,False,depth,0,1,1,False,0,0.956507168044564,
denoising,ae_depth_to_width,13,cand_013_d8_w2,"[2, 2, 2, 2, 2, 2, 2, 2]",0.9598684158631482,6,11,MLPS/tabular/shared/dae_dnn/results/goliath_w2d_staged_current/denoising/ae_depth_to_width/cand_013_d8_w2/checkpoint_best.pt,MLPS/tabular/shared/dae_dnn/results/goliath_w2d_staged_current/denoising/ae_depth_to_width/cand_013_d8_w2/checkpoint_last.pt,False,depth,0,2,2,False,0,0.956507168044564,
denoising,ae_depth_to_width,14,cand_014_d9_w2,"[2, 2, 2, 2, 2, 2, 2, 2, 2]",0.9632652890294233,11,16,MLPS/tabular/shared/dae_dnn/results/goliath_w2d_staged_current/denoising/ae_depth_to_width/cand_014_d9_w2/checkpoint_best.pt,MLPS/tabular/shared/dae_dnn/results/goliath_w2d_staged_current/denoising/ae_depth_to_width/cand_014_d9_w2/checkpoint_last.pt,False,depth,0,3,3,False,0,0.956507168044564,
denoising,ae_depth_to_width,15,cand_015_d10_w2,"[2, 2, 2, 2, 2, 2, 2, 2, 2, 2]",0.9795231701145873,1,6,MLPS/tabular/shared/dae_dnn/results/goliath_w2d_staged_current/denoising/ae_depth_to_width/cand_015_d10_w2/checkpoint_best.pt,MLPS/tabular/shared/dae_dnn/results/goliath_w2d_staged_current/denoising/ae_depth_to_width/cand_015_d10_w2/checkpoint_last.pt,False,depth,0,4,4,False,0,0.956507168044564,
denoising,ae_depth_to_width,16,cand_016_d10_w3,"[3, 2, 2, 2, 2, 2, 2, 2, 2, 2]",0.9783954497327558,6,11,MLPS/tabular/shared/dae_dnn/results/goliath_w2d_staged_current/denoising/ae_depth_to_width/cand_016_d10_w3/checkpoint_best.pt,MLPS/tabular/shared/dae_dnn/results/goliath_w2d_staged_current/denoising/ae_depth_to_width/cand_016_d10_w3/checkpoint_last.pt,False,width,0,4,4,False,0,0.956507168044564,
denoising,ae_depth_to_width,17,cand_017_d10_w3,"[3, 3, 2, 2, 2, 2, 2, 2, 2, 2]",0.9638328666970236,17,22,MLPS/tabular/shared/dae_dnn/results/goliath_w2d_staged_current/denoising/ae_depth_to_width/cand_017_d10_w3/checkpoint_best.pt,MLPS/tabular/shared/dae_dnn/results/goliath_w2d_staged_current/denoising/ae_depth_to_width/cand_017_d10_w3/checkpoint_last.pt,False,width,0,4,4,False,0,0.956507168044564,
denoising,ae_depth_to_width,18,cand_018_d10_w3,"[3, 3, 3, 2, 2, 2, 2, 2, 2, 2]",0.9604982181392794,9,14,MLPS/tabular/shared/dae_dnn/results/goliath_w2d_staged_current/denoising/ae_depth_to_width/cand_018_d10_w3/checkpoint_best.pt,MLPS/tabular/shared/dae_dnn/results/goliath_w2d_staged_current/denoising/ae_depth_to_width/cand_018_d10_w3/checkpoint_last.pt,False,width,0,4,4,False,0,0.956507168044564,
denoising,ae_depth_to_width,19,cand_019_d10_w3,"[3, 3, 3, 3, 2, 2, 2, 2, 2, 2]",0.9601713808599994,5,10,MLPS/tabular/shared/dae_dnn/results/goliath_w2d_staged_current/denoising/ae_depth_to_width/cand_019_d10_w3/checkpoint_best.pt,MLPS/tabular/shared/dae_dnn/results/goliath_w2d_staged_current/denoising/ae_depth_to_width/cand_019_d10_w3/checkpoint_last.pt,False,width,0,4,4,False,0,0.956507168044564,
denoising,ae_depth_to_width,20,cand_020_d10_w3,"[3, 3, 3, 3, 3, 2, 2, 2, 2, 2]",0.959536267804992,4,9,MLPS/tabular/shared/dae_dnn/results/goliath_w2d_staged_current/denoising/ae_depth_to_width/cand_020_d10_w3/checkpoint_best.pt,MLPS/tabular/shared/dae_dnn/results/goliath_w2d_staged_current/denoising/ae_depth_to_width/cand_020_d10_w3/checkpoint_last.pt,False,width,0,4,4,False,0,0.956507168044564,
denoising,ae_depth_to_width,21,cand_021_d10_w3,"[3, 3, 3, 3, 3, 3, 2, 2, 2, 2]",0.9589417290456533,6,11,MLPS/tabular/shared/dae_dnn/results/goliath_w2d_staged_current/denoising/ae_depth_to_width/cand_021_d10_w3/checkpoint_best.pt,MLPS/tabular/shared/dae_dnn/results/goliath_w2d_staged_current/denoising/ae_depth_to_width/cand_021_d10_w3/checkpoint_last.pt,False,width,0,4,4,False,0,0.956507168044564,
denoising,ae_depth_to_width,22,cand_022_d10_w3,"[3, 3, 3, 3, 3, 3, 3, 2, 2, 2]",0.9591100324891081,11,16,MLPS/tabular/shared/dae_dnn/results/goliath_w2d_staged_current/denoising/ae_depth_to_width/cand_022_d10_w3/checkpoint_best.pt,MLPS/tabular/shared/dae_dnn/results/goliath_w2d_staged_current/denoising/ae_depth_to_width/cand_022_d10_w3/checkpoint_last.pt,False,width,0,4,4,False,0,0.956507168044564,
denoising,ae_depth_to_width,23,cand_023_d10_w3,"[3, 3, 3, 3, 3, 3, 3, 3, 2, 2]",0.9587648854387235,5,10,MLPS/tabular/shared/dae_dnn/results/goliath_w2d_staged_current/denoising/ae_depth_to_width/cand_023_d10_w3/checkpoint_best.pt,MLPS/tabular/shared/dae_dnn/results/goliath_w2d_staged_current/denoising/ae_depth_to_width/cand_023_d10_w3/checkpoint_last.pt,False,width,0,4,4,False,0,0.956507168044564,
denoising,ae_depth_to_width,24,cand_024_d10_w3,"[3, 3, 3, 3, 3, 3, 3, 3, 3, 2]",0.9598534263449752,1,6,MLPS/tabular/shared/dae_dnn/results/goliath_w2d_staged_current/denoising/ae_depth_to_width/cand_024_d10_w3/checkpoint_best.pt,MLPS/tabular/shared/dae_dnn/results/goliath_w2d_staged_current/denoising/ae_depth_to_width/cand_024_d10_w3/checkpoint_last.pt,False,width,0,4,4,False,0,0.956507168044564,
denoising,ae_depth_to_width,25,cand_025_d10_w3,"[3, 3, 3, 3, 3, 3, 3, 3, 3, 3]",0.912197847397807,30,35,MLPS/tabular/shared/dae_dnn/results/goliath_w2d_staged_current/denoising/ae_depth_to_width/cand_025_d10_w3/checkpoint_best.pt,MLPS/tabular/shared/dae_dnn/results/goliath_w2d_staged_current/denoising/ae_depth_to_width/cand_025_d10_w3/checkpoint_last.pt,True,width,0,4,0,False,0,0.912197847397807,4.632408634986067
denoising,ae_depth_to_width,26,cand_026_d10_w4,"[4, 3, 3, 3, 3, 3, 3, 3, 3, 3]",0.9120114888343234,6,11,MLPS/tabular/shared/dae_dnn/results/goliath_w2d_staged_current/denoising/ae_depth_to_width/cand_026_d10_w4/checkpoint_best.pt,MLPS/tabular/shared/dae_dnn/results/goliath_w2d_staged_current/denoising/ae_depth_to_width/cand_026_d10_w4/checkpoint_last.pt,True,width,0,0,0,True,0,0.912197847397807,
denoising,ae_depth_to_width,27,cand_027_d10_w4,"[4, 4, 3, 3, 3, 3, 3, 3, 3, 3]",0.9099994345539476,17,22,MLPS/tabular/shared/dae_dnn/results/goliath_w2d_staged_current/denoising/ae_depth_to_width/cand_027_d10_w4/checkpoint_best.pt,MLPS/tabular/shared/dae_dnn/results/goliath_w2d_staged_current/denoising/ae_depth_to_width/cand_027_d10_w4/checkpoint_last.pt,True,width,0,0,0,True,0,0.912197847397807,
denoising,ae_depth_to_width,28,cand_028_d10_w4,"[4, 4, 4, 3, 3, 3, 3, 3, 3, 3]",0.9099157454368344,3,8,MLPS/tabular/shared/dae_dnn/results/goliath_w2d_staged_current/denoising/ae_depth_to_width/cand_028_d10_w4/checkpoint_best.pt,MLPS/tabular/shared/dae_dnn/results/goliath_w2d_staged_current/denoising/ae_depth_to_width/cand_028_d10_w4/checkpoint_last.pt,False,width,0,0,0,True,0,0.912197847397807,
denoising,ae_depth_to_width,29,cand_029_d10_w4,"[4, 4, 4, 4, 3, 3, 3, 3, 3, 3]",0.9087828872394682,14,19,MLPS/tabular/shared/dae_dnn/results/goliath_w2d_staged_current/denoising/ae_depth_to_width/cand_029_d10_w4/checkpoint_best.pt,MLPS/tabular/shared/dae_dnn/results/goliath_w2d_staged_current/denoising/ae_depth_to_width/cand_029_d10_w4/checkpoint_last.pt,True,width,0,0,0,True,0,0.912197847397807,
denoising,ae_depth_to_width,30,cand_030_d10_w4,"[4, 4, 4, 4, 4, 3, 3, 3, 3, 3]",0.907934375689347,19,24,MLPS/tabular/shared/dae_dnn/results/goliath_w2d_staged_current/denoising/ae_depth_to_width/cand_030_d10_w4/checkpoint_best.pt,MLPS/tabular/shared/dae_dnn/results/goliath_w2d_staged_current/denoising/ae_depth_to_width/cand_030_d10_w4/checkpoint_last.pt,True,width,0,0,0,True,0,0.912197847397807,
denoising,ae_depth_to_width,31,cand_031_d10_w4,"[4, 4, 4, 4, 4, 4, 3, 3, 3, 3]",0.9077938602306381,4,9,MLPS/tabular/shared/dae_dnn/results/goliath_w2d_staged_current/denoising/ae_depth_to_width/cand_031_d10_w4/checkpoint_best.pt,MLPS/tabular/shared/dae_dnn/results/goliath_w2d_staged_current/denoising/ae_depth_to_width/cand_031_d10_w4/checkpoint_last.pt,True,width,0,0,0,True,0,0.912197847397807,
denoising,ae_depth_to_width,32,cand_032_d10_w4,"[4, 4, 4, 4, 4, 4, 4, 3, 3, 3]",0.9078485956444547,4,9,MLPS/tabular/shared/dae_dnn/results/goliath_w2d_staged_current/denoising/ae_depth_to_width/cand_032_d10_w4/checkpoint_best.pt,MLPS/tabular/shared/dae_dnn/results/goliath_w2d_staged_current/denoising/ae_depth_to_width/cand_032_d10_w4/checkpoint_last.pt,False,width,0,0,0,True,0,0.912197847397807,
denoising,ae_depth_to_width,33,cand_033_d10_w4,"[4, 4, 4, 4, 4, 4, 4, 4, 3, 3]",0.9077740285821742,1,6,MLPS/tabular/shared/dae_dnn/results/goliath_w2d_staged_current/denoising/ae_depth_to_width/cand_033_d10_w4/checkpoint_best.pt,MLPS/tabular/shared/dae_dnn/results/goliath_w2d_staged_current/denoising/ae_depth_to_width/cand_033_d10_w4/checkpoint_last.pt,False,width,0,0,0,True,0,0.912197847397807,
denoising,ae_depth_to_width,34,cand_034_d10_w4,"[4, 4, 4, 4, 4, 4, 4, 4, 4, 3]",0.9077914346782943,3,8,MLPS/tabular/shared/dae_dnn/results/goliath_w2d_staged_current/denoising/ae_depth_to_width/cand_034_d10_w4/checkpoint_best.pt,MLPS/tabular/shared/dae_dnn/results/goliath_w2d_staged_current/denoising/ae_depth_to_width/cand_034_d10_w4/checkpoint_last.pt,False,width,0,0,0,True,0,0.912197847397807,
denoising,ae_depth_to_width,35,cand_035_d10_w4,"[4, 4, 4, 4, 4, 4, 4, 4, 4, 4]",0.8836418534574306,25,30,MLPS/tabular/shared/dae_dnn/results/goliath_w2d_staged_current/denoising/ae_depth_to_width/cand_035_d10_w4/checkpoint_best.pt,MLPS/tabular/shared/dae_dnn/results/goliath_w2d_staged_current/denoising/ae_depth_to_width/cand_035_d10_w4/checkpoint_last.pt,True,width,0,0,0,False,0,0.8836418534574306,3.1304605707892166
denoising,ae_depth_to_width,36,cand_036_d10_w5,"[5, 4, 4, 4, 4, 4, 4, 4, 4, 4]",0.8823628966565104,9,14,MLPS/tabular/shared/dae_dnn/results/goliath_w2d_staged_current/denoising/ae_depth_to_width/cand_036_d10_w5/checkpoint_best.pt,MLPS/tabular/shared/dae_dnn/results/goliath_w2d_staged_current/denoising/ae_depth_to_width/cand_036_d10_w5/checkpoint_last.pt,True,width,0,0,0,True,0,0.8836418534574306,
denoising,ae_depth_to_width,37,cand_037_d10_w5,"[5, 5, 4, 4, 4, 4, 4, 4, 4, 4]",0.8820125027836765,10,15,MLPS/tabular/shared/dae_dnn/results/goliath_w2d_staged_current/denoising/ae_depth_to_width/cand_037_d10_w5/checkpoint_best.pt,MLPS/tabular/shared/dae_dnn/results/goliath_w2d_staged_current/denoising/ae_depth_to_width/cand_037_d10_w5/checkpoint_last.pt,True,width,0,0,0,True,0,0.8836418534574306,
denoising,ae_depth_to_width,38,cand_038_d10_w5,"[5, 5, 5, 4, 4, 4, 4, 4, 4, 4]",0.8825638131289734,6,11,MLPS/tabular/shared/dae_dnn/results/goliath_w2d_staged_current/denoising/ae_depth_to_width/cand_038_d10_w5/checkpoint_best.pt,MLPS/tabular/shared/dae_dnn/results/goliath_w2d_staged_current/denoising/ae_depth_to_width/cand_038_d10_w5/checkpoint_last.pt,False,width,0,0,0,True,0,0.8836418534574306,
denoising,ae_depth_to_width,39,cand_039_d10_w5,"[5, 5, 5, 5, 4, 4, 4, 4, 4, 4]",0.882354204428918,6,11,MLPS/tabular/shared/dae_dnn/results/goliath_w2d_staged_current/denoising/ae_depth_to_width/cand_039_d10_w5/checkpoint_best.pt,MLPS/tabular/shared/dae_dnn/results/goliath_w2d_staged_current/denoising/ae_depth_to_width/cand_039_d10_w5/checkpoint_last.pt,False,width,0,0,0,True,0,0.8836418534574306,
denoising,ae_depth_to_width,40,cand_040_d10_w5,"[5, 5, 5, 5, 5, 4, 4, 4, 4, 4]",0.8826036310383043,1,6,MLPS/tabular/shared/dae_dnn/results/goliath_w2d_staged_current/denoising/ae_depth_to_width/cand_040_d10_w5/checkpoint_best.pt,MLPS/tabular/shared/dae_dnn/results/goliath_w2d_staged_current/denoising/ae_depth_to_width/cand_040_d10_w5/checkpoint_last.pt,False,width,0,0,0,True,0,0.8836418534574306,
denoising,ae_depth_to_width,41,cand_041_d10_w5,"[5, 5, 5, 5, 5, 5, 4, 4, 4, 4]",0.882308997668177,10,15,MLPS/tabular/shared/dae_dnn/results/goliath_w2d_staged_current/denoising/ae_depth_to_width/cand_041_d10_w5/checkpoint_best.pt,MLPS/tabular/shared/dae_dnn/results/goliath_w2d_staged_current/denoising/ae_depth_to_width/cand_041_d10_w5/checkpoint_last.pt,False,width,0,0,0,True,0,0.8836418534574306,
denoising,ae_depth_to_width,42,cand_042_d10_w5,"[5, 5, 5, 5, 5, 5, 5, 4, 4, 4]",0.8822872994292864,2,7,MLPS/tabular/shared/dae_dnn/results/goliath_w2d_staged_current/denoising/ae_depth_to_width/cand_042_d10_w5/checkpoint_best.pt,MLPS/tabular/shared/dae_dnn/results/goliath_w2d_staged_current/denoising/ae_depth_to_width/cand_042_d10_w5/checkpoint_last.pt,False,width,0,0,0,True,0,0.8836418534574306,
denoising,ae_depth_to_width,43,cand_043_d10_w5,"[5, 5, 5, 5, 5, 5, 5, 5, 4, 4]",0.8714501701454516,39,44,MLPS/tabular/shared/dae_dnn/results/goliath_w2d_staged_current/denoising/ae_depth_to_width/cand_043_d10_w5/checkpoint_best.pt,MLPS/tabular/shared/dae_dnn/results/goliath_w2d_staged_current/denoising/ae_depth_to_width/cand_043_d10_w5/checkpoint_last.pt,True,width,0,0,0,True,0,0.8836418534574306,
denoising,ae_depth_to_width,44,cand_044_d10_w5,"[5, 5, 5, 5, 5, 5, 5, 5, 5, 4]",0.8714358410989804,4,9,MLPS/tabular/shared/dae_dnn/results/goliath_w2d_staged_current/denoising/ae_depth_to_width/cand_044_d10_w5/checkpoint_best.pt,MLPS/tabular/shared/dae_dnn/results/goliath_w2d_staged_current/denoising/ae_depth_to_width/cand_044_d10_w5/checkpoint_last.pt,False,width,0,0,0,True,0,0.8836418534574306,
denoising,ae_depth_to_width,45,cand_045_d10_w5,"[5, 5, 5, 5, 5, 5, 5, 5, 5, 5]",0.8473404812820191,26,31,MLPS/tabular/shared/dae_dnn/results/goliath_w2d_staged_current/denoising/ae_depth_to_width/cand_045_d10_w5/checkpoint_best.pt,MLPS/tabular/shared/dae_dnn/results/goliath_w2d_staged_current/denoising/ae_depth_to_width/cand_045_d10_w5/checkpoint_last.pt,True,width,0,0,0,False,0,0.8473404812820191,4.10815445571924
denoising,ae_depth_to_width,46,cand_046_d10_w6,"[6, 5, 5, 5, 5, 5, 5, 5, 5, 5]",0.8473450417908532,5,10,MLPS/tabular/shared/dae_dnn/results/goliath_w2d_staged_current/denoising/ae_depth_to_width/cand_046_d10_w6/checkpoint_best.pt,MLPS/tabular/shared/dae_dnn/results/goliath_w2d_staged_current/denoising/ae_depth_to_width/cand_046_d10_w6/checkpoint_last.pt,False,width,0,0,0,False,0,0.8473404812820191,
denoising,ae_depth_to_width,47,cand_047_d10_w6,"[6, 6, 5, 5, 5, 5, 5, 5, 5, 5]",0.8474469954049418,8,13,MLPS/tabular/shared/dae_dnn/results/goliath_w2d_staged_current/denoising/ae_depth_to_width/cand_047_d10_w6/checkpoint_best.pt,MLPS/tabular/shared/dae_dnn/results/goliath_w2d_staged_current/denoising/ae_depth_to_width/cand_047_d10_w6/checkpoint_last.pt,False,width,0,0,0,False,0,0.8473404812820191,
denoising,ae_depth_to_width,48,cand_048_d10_w6,"[6, 6, 6, 5, 5, 5, 5, 5, 5, 5]",0.8471191607447607,3,8,MLPS/tabular/shared/dae_dnn/results/goliath_w2d_staged_current/denoising/ae_depth_to_width/cand_048_d10_w6/checkpoint_best.pt,MLPS/tabular/shared/dae_dnn/results/goliath_w2d_staged_current/denoising/ae_depth_to_width/cand_048_d10_w6/checkpoint_last.pt,True,width,0,0,0,True,0,0.8473404812820191,
denoising,ae_depth_to_width,49,cand_049_d10_w6,"[6, 6, 6, 6, 5, 5, 5, 5, 5, 5]",0.8471685673283192,3,8,MLPS/tabular/shared/dae_dnn/results/goliath_w2d_staged_current/denoising/ae_depth_to_width/cand_049_d10_w6/checkpoint_best.pt,MLPS/tabular/shared/dae_dnn/results/goliath_w2d_staged_current/denoising/ae_depth_to_width/cand_049_d10_w6/checkpoint_last.pt,False,width,0,0,0,True,0,0.8473404812820191,
denoising,ae_depth_to_width,50,cand_050_d10_w6,"[6, 6, 6, 6, 6, 5, 5, 5, 5, 5]",0.8471023760989509,3,8,MLPS/tabular/shared/dae_dnn/results/goliath_w2d_staged_current/denoising/ae_depth_to_width/cand_050_d10_w6/checkpoint_best.pt,MLPS/tabular/shared/dae_dnn/results/goliath_w2d_staged_current/denoising/ae_depth_to_width/cand_050_d10_w6/checkpoint_last.pt,False,width,0,0,0,True,0,0.8473404812820191,
denoising,ae_depth_to_width,51,cand_051_d10_w6,"[6, 6, 6, 6, 6, 6, 5, 5, 5, 5]",0.847658854112886,1,6,MLPS/tabular/shared/dae_dnn/results/goliath_w2d_staged_current/denoising/ae_depth_to_width/cand_051_d10_w6/checkpoint_best.pt,MLPS/tabular/shared/dae_dnn/results/goliath_w2d_staged_current/denoising/ae_depth_to_width/cand_051_d10_w6/checkpoint_last.pt,False,width,0,0,0,True,0,0.8473404812820191,
denoising,ae_depth_to_width,52,cand_052_d10_w6,"[6, 6, 6, 6, 6, 6, 6, 5, 5, 5]",0.8470407770309134,5,10,MLPS/tabular/shared/dae_dnn/results/goliath_w2d_staged_current/denoising/ae_depth_to_width/cand_052_d10_w6/checkpoint_best.pt,MLPS/tabular/shared/dae_dnn/results/goliath_w2d_staged_current/denoising/ae_depth_to_width/cand_052_d10_w6/checkpoint_last.pt,False,width,0,0,0,True,0,0.8473404812820191,
denoising,ae_depth_to_width,53,cand_053_d10_w6,"[6, 6, 6, 6, 6, 6, 6, 6, 5, 5]",0.847113375538518,1,6,MLPS/tabular/shared/dae_dnn/results/goliath_w2d_staged_current/denoising/ae_depth_to_width/cand_053_d10_w6/checkpoint_best.pt,MLPS/tabular/shared/dae_dnn/results/goliath_w2d_staged_current/denoising/ae_depth_to_width/cand_053_d10_w6/checkpoint_last.pt,False,width,0,0,0,True,0,0.8473404812820191,
denoising,ae_depth_to_width,54,cand_054_d10_w6,"[6, 6, 6, 6, 6, 6, 6, 6, 6, 5]",0.8469127906776107,7,12,MLPS/tabular/shared/dae_dnn/results/goliath_w2d_staged_current/denoising/ae_depth_to_width/cand_054_d10_w6/checkpoint_best.pt,MLPS/tabular/shared/dae_dnn/results/goliath_w2d_staged_current/denoising/ae_depth_to_width/cand_054_d10_w6/checkpoint_last.pt,True,width,0,0,0,True,0,0.8473404812820191,
denoising,ae_depth_to_width,55,cand_055_d10_w6,"[6, 6, 6, 6, 6, 6, 6, 6, 6, 6]",0.8268493677227492,13,18,MLPS/tabular/shared/dae_dnn/results/goliath_w2d_staged_current/denoising/ae_depth_to_width/cand_055_d10_w6/checkpoint_best.pt,MLPS/tabular/shared/dae_dnn/results/goliath_w2d_staged_current/denoising/ae_depth_to_width/cand_055_d10_w6/checkpoint_last.pt,True,width,0,0,0,False,0,0.8268493677227492,2.41828568467153
denoising,ae_depth_to_width,56,cand_056_d10_w7,"[7, 6, 6, 6, 6, 6, 6, 6, 6, 6]",0.8269318256794107,1,6,MLPS/tabular/shared/dae_dnn/results/goliath_w2d_staged_current/denoising/ae_depth_to_width/cand_056_d10_w7/checkpoint_best.pt,MLPS/tabular/shared/dae_dnn/results/goliath_w2d_staged_current/denoising/ae_depth_to_width/cand_056_d10_w7/checkpoint_last.pt,False,width,0,0,0,False,0,0.8268493677227492,
denoising,ae_depth_to_width,57,cand_057_d10_w7,"[7, 7, 6, 6, 6, 6, 6, 6, 6, 6]",0.8242576263096203,9,14,MLPS/tabular/shared/dae_dnn/results/goliath_w2d_staged_current/denoising/ae_depth_to_width/cand_057_d10_w7/checkpoint_best.pt,MLPS/tabular/shared/dae_dnn/results/goliath_w2d_staged_current/denoising/ae_depth_to_width/cand_057_d10_w7/checkpoint_last.pt,True,width,0,0,0,True,0,0.8268493677227492,
denoising,ae_depth_to_width,58,cand_058_d10_w7,"[7, 7, 7, 6, 6, 6, 6, 6, 6, 6]",0.8240071280487097,7,12,MLPS/tabular/shared/dae_dnn/results/goliath_w2d_staged_current/denoising/ae_depth_to_width/cand_058_d10_w7/checkpoint_best.pt,MLPS/tabular/shared/dae_dnn/results/goliath_w2d_staged_current/denoising/ae_depth_to_width/cand_058_d10_w7/checkpoint_last.pt,True,width,0,0,0,True,0,0.8268493677227492,
denoising,ae_depth_to_width,59,cand_059_d10_w7,"[7, 7, 7, 7, 6, 6, 6, 6, 6, 6]",0.8243322835108333,2,7,MLPS/tabular/shared/dae_dnn/results/goliath_w2d_staged_current/denoising/ae_depth_to_width/cand_059_d10_w7/checkpoint_best.pt,MLPS/tabular/shared/dae_dnn/results/goliath_w2d_staged_current/denoising/ae_depth_to_width/cand_059_d10_w7/checkpoint_last.pt,False,width,0,0,0,True,0,0.8268493677227492,
denoising,ae_depth_to_width,60,cand_060_d10_w7,"[7, 7, 7, 7, 7, 6, 6, 6, 6, 6]",0.8244331768298875,1,6,MLPS/tabular/shared/dae_dnn/results/goliath_w2d_staged_current/denoising/ae_depth_to_width/cand_060_d10_w7/checkpoint_best.pt,MLPS/tabular/shared/dae_dnn/results/goliath_w2d_staged_current/denoising/ae_depth_to_width/cand_060_d10_w7/checkpoint_last.pt,False,width,0,0,0,True,0,0.8268493677227492,
denoising,ae_depth_to_width,61,cand_061_d10_w7,"[7, 7, 7, 7, 7, 7, 6, 6, 6, 6]",0.8237966676775706,10,15,MLPS/tabular/shared/dae_dnn/results/goliath_w2d_staged_current/denoising/ae_depth_to_width/cand_061_d10_w7/checkpoint_best.pt,MLPS/tabular/shared/dae_dnn/results/goliath_w2d_staged_current/denoising/ae_depth_to_width/cand_061_d10_w7/checkpoint_last.pt,True,width,0,0,0,True,0,0.8268493677227492,
denoising,ae_depth_to_width,62,cand_062_d10_w7,"[7, 7, 7, 7, 7, 7, 7, 6, 6, 6]",0.8236271809083895,3,8,MLPS/tabular/shared/dae_dnn/results/goliath_w2d_staged_current/denoising/ae_depth_to_width/cand_062_d10_w7/checkpoint_best.pt,MLPS/tabular/shared/dae_dnn/results/goliath_w2d_staged_current/denoising/ae_depth_to_width/cand_062_d10_w7/checkpoint_last.pt,True,width,0,0,0,True,0,0.8268493677227492,
denoising,ae_depth_to_width,63,cand_063_d10_w7,"[7, 7, 7, 7, 7, 7, 7, 7, 6, 6]",0.8195118143854735,18,23,MLPS/tabular/shared/dae_dnn/results/goliath_w2d_staged_current/denoising/ae_depth_to_width/cand_063_d10_w7/checkpoint_best.pt,MLPS/tabular/shared/dae_dnn/results/goliath_w2d_staged_current/denoising/ae_depth_to_width/cand_063_d10_w7/checkpoint_last.pt,True,width,0,0,0,True,0,0.8268493677227492,
denoising,ae_depth_to_width,64,cand_064_d10_w7,"[7, 7, 7, 7, 7, 7, 7, 7, 7, 6]",0.8194089165720947,4,9,MLPS/tabular/shared/dae_dnn/results/goliath_w2d_staged_current/denoising/ae_depth_to_width/cand_064_d10_w7/checkpoint_best.pt,MLPS/tabular/shared/dae_dnn/results/goliath_w2d_staged_current/denoising/ae_depth_to_width/cand_064_d10_w7/checkpoint_last.pt,True,width,0,0,0,True,0,0.8268493677227492,
denoising,ae_depth_to_width,65,cand_065_d10_w7,"[7, 7, 7, 7, 7, 7, 7, 7, 7, 7]",0.8000937109908534,34,39,MLPS/tabular/shared/dae_dnn/results/goliath_w2d_staged_current/denoising/ae_depth_to_width/cand_065_d10_w7/checkpoint_best.pt,MLPS/tabular/shared/dae_dnn/results/goliath_w2d_staged_current/denoising/ae_depth_to_width/cand_065_d10_w7/checkpoint_last.pt,True,width,0,0,0,False,0,0.8000937109908534,3.235856224403291
denoising,ae_depth_to_width,66,cand_066_d10_w8,"[8, 7, 7, 7, 7, 7, 7, 7, 7, 7]",0.8002527642932477,5,10,MLPS/tabular/shared/dae_dnn/results/goliath_w2d_staged_current/denoising/ae_depth_to_width/cand_066_d10_w8/checkpoint_best.pt,MLPS/tabular/shared/dae_dnn/results/goliath_w2d_staged_current/denoising/ae_depth_to_width/cand_066_d10_w8/checkpoint_last.pt,False,width,0,0,0,False,0,0.8000937109908534,
denoising,ae_depth_to_width,67,cand_067_d10_w8,"[8, 8, 7, 7, 7, 7, 7, 7, 7, 7]",0.7996585010165009,11,16,MLPS/tabular/shared/dae_dnn/results/goliath_w2d_staged_current/denoising/ae_depth_to_width/cand_067_d10_w8/checkpoint_best.pt,MLPS/tabular/shared/dae_dnn/results/goliath_w2d_staged_current/denoising/ae_depth_to_width/cand_067_d10_w8/checkpoint_last.pt,True,width,0,0,0,True,0,0.8000937109908534,
denoising,ae_depth_to_width,68,cand_068_d10_w8,"[8, 8, 8, 7, 7, 7, 7, 7, 7, 7]",0.7996149497488395,11,16,MLPS/tabular/shared/dae_dnn/results/goliath_w2d_staged_current/denoising/ae_depth_to_width/cand_068_d10_w8/checkpoint_best.pt,MLPS/tabular/shared/dae_dnn/results/goliath_w2d_staged_current/denoising/ae_depth_to_width/cand_068_d10_w8/checkpoint_last.pt,False,width,0,0,0,True,0,0.8000937109908534,
denoising,ae_depth_to_width,69,cand_069_d10_w8,"[8, 8, 8, 8, 7, 7, 7, 7, 7, 7]",0.7994071471789821,9,14,MLPS/tabular/shared/dae_dnn/results/goliath_w2d_staged_current/denoising/ae_depth_to_width/cand_069_d10_w8/checkpoint_best.pt,MLPS/tabular/shared/dae_dnn/results/goliath_w2d_staged_current/denoising/ae_depth_to_width/cand_069_d10_w8/checkpoint_last.pt,True,width,0,0,0,True,0,0.8000937109908534,
denoising,ae_depth_to_width,70,cand_070_d10_w8,"[8, 8, 8, 8, 8, 7, 7, 7, 7, 7]",0.7971791585085386,16,21,MLPS/tabular/shared/dae_dnn/results/goliath_w2d_staged_current/denoising/ae_depth_to_width/cand_070_d10_w8/checkpoint_best.pt,MLPS/tabular/shared/dae_dnn/results/goliath_w2d_staged_current/denoising/ae_depth_to_width/cand_070_d10_w8/checkpoint_last.pt,True,width,0,0,0,True,0,0.8000937109908534,
denoising,ae_depth_to_width,71,cand_071_d10_w8,"[8, 8, 8, 8, 8, 8, 7, 7, 7, 7]",0.7969303667094957,2,7,MLPS/tabular/shared/dae_dnn/results/goliath_w2d_staged_current/denoising/ae_depth_to_width/cand_071_d10_w8/checkpoint_best.pt,MLPS/tabular/shared/dae_dnn/results/goliath_w2d_staged_current/denoising/ae_depth_to_width/cand_071_d10_w8/checkpoint_last.pt,True,width,0,0,0,True,0,0.8000937109908534,
denoising,ae_depth_to_width,72,cand_072_d10_w8,"[8, 8, 8, 8, 8, 8, 8, 7, 7, 7]",0.7964993426377973,6,11,MLPS/tabular/shared/dae_dnn/results/goliath_w2d_staged_current/denoising/ae_depth_to_width/cand_072_d10_w8/checkpoint_best.pt,MLPS/tabular/shared/dae_dnn/results/goliath_w2d_staged_current/denoising/ae_depth_to_width/cand_072_d10_w8/checkpoint_last.pt,True,width,0,0,0,True,0,0.8000937109908534,
denoising,ae_depth_to_width,73,cand_073_d10_w8,"[8, 8, 8, 8, 8, 8, 8, 8, 7, 7]",0.7961305791430029,5,10,MLPS/tabular/shared/dae_dnn/results/goliath_w2d_staged_current/denoising/ae_depth_to_width/cand_073_d10_w8/checkpoint_best.pt,MLPS/tabular/shared/dae_dnn/results/goliath_w2d_staged_current/denoising/ae_depth_to_width/cand_073_d10_w8/checkpoint_last.pt,True,width,0,0,0,True,0,0.8000937109908534,
denoising,ae_depth_to_width,74,cand_074_d10_w8,"[8, 8, 8, 8, 8, 8, 8, 8, 8, 7]",0.7918692416072608,13,18,MLPS/tabular/shared/dae_dnn/results/goliath_w2d_staged_current/denoising/ae_depth_to_width/cand_074_d10_w8/checkpoint_best.pt,MLPS/tabular/shared/dae_dnn/results/goliath_w2d_staged_current/denoising/ae_depth_to_width/cand_074_d10_w8/checkpoint_last.pt,True,width,0,0,0,True,0,0.8000937109908534,
denoising,ae_depth_to_width,75,cand_075_d10_w8,"[8, 8, 8, 8, 8, 8, 8, 8, 8, 8]",0.7748282615585427,21,26,MLPS/tabular/shared/dae_dnn/results/goliath_w2d_staged_current/denoising/ae_depth_to_width/cand_075_d10_w8/checkpoint_best.pt,MLPS/tabular/shared/dae_dnn/results/goliath_w2d_staged_current/denoising/ae_depth_to_width/cand_075_d10_w8/checkpoint_last.pt,True,width,0,0,0,False,0,0.7748282615585427,3.157811277009215
denoising,ae_depth_to_width,76,cand_076_d10_w9,"[9, 8, 8, 8, 8, 8, 8, 8, 8, 8]",0.7731218838416365,19,24,MLPS/tabular/shared/dae_dnn/results/goliath_w2d_staged_current/denoising/ae_depth_to_width/cand_076_d10_w9/checkpoint_best.pt,MLPS/tabular/shared/dae_dnn/results/goliath_w2d_staged_current/denoising/ae_depth_to_width/cand_076_d10_w9/checkpoint_last.pt,True,width,0,0,0,True,0,0.7748282615585427,
denoising,ae_depth_to_width,77,cand_077_d10_w9,"[9, 9, 8, 8, 8, 8, 8, 8, 8, 8]",0.7730044747414136,8,13,MLPS/tabular/shared/dae_dnn/results/goliath_w2d_staged_current/denoising/ae_depth_to_width/cand_077_d10_w9/checkpoint_best.pt,MLPS/tabular/shared/dae_dnn/results/goliath_w2d_staged_current/denoising/ae_depth_to_width/cand_077_d10_w9/checkpoint_last.pt,True,width,0,0,0,True,0,0.7748282615585427,
denoising,ae_depth_to_width,78,cand_078_d10_w9,"[9, 9, 9, 8, 8, 8, 8, 8, 8, 8]",0.7728409359107171,3,8,MLPS/tabular/shared/dae_dnn/results/goliath_w2d_staged_current/denoising/ae_depth_to_width/cand_078_d10_w9/checkpoint_best.pt,MLPS/tabular/shared/dae_dnn/results/goliath_w2d_staged_current/denoising/ae_depth_to_width/cand_078_d10_w9/checkpoint_last.pt,True,width,0,0,0,True,0,0.7748282615585427,
denoising,ae_depth_to_width,79,cand_079_d10_w9,"[9, 9, 9, 9, 8, 8, 8, 8, 8, 8]",0.772923780209624,1,6,MLPS/tabular/shared/dae_dnn/results/goliath_w2d_staged_current/denoising/ae_depth_to_width/cand_079_d10_w9/checkpoint_best.pt,MLPS/tabular/shared/dae_dnn/results/goliath_w2d_staged_current/denoising/ae_depth_to_width/cand_079_d10_w9/checkpoint_last.pt,False,width,0,0,0,True,0,0.7748282615585427,
denoising,ae_depth_to_width,80,cand_080_d10_w9,"[9, 9, 9, 9, 9, 8, 8, 8, 8, 8]",0.7733698121812105,1,6,MLPS/tabular/shared/dae_dnn/results/goliath_w2d_staged_current/denoising/ae_depth_to_width/cand_080_d10_w9/checkpoint_best.pt,MLPS/tabular/shared/dae_dnn/results/goliath_w2d_staged_current/denoising/ae_depth_to_width/cand_080_d10_w9/checkpoint_last.pt,False,width,0,0,0,True,0,0.7748282615585427,
denoising,ae_depth_to_width,81,cand_081_d10_w9,"[9, 9, 9, 9, 9, 9, 8, 8, 8, 8]",0.7734541358337315,1,6,MLPS/tabular/shared/dae_dnn/results/goliath_w2d_staged_current/denoising/ae_depth_to_width/cand_081_d10_w9/checkpoint_best.pt,MLPS/tabular/shared/dae_dnn/results/goliath_w2d_staged_current/denoising/ae_depth_to_width/cand_081_d10_w9/checkpoint_last.pt,False,width,0,0,0,True,0,0.7748282615585427,
denoising,ae_depth_to_width,82,cand_082_d10_w9,"[9, 9, 9, 9, 9, 9, 9, 8, 8, 8]",0.7731272749140764,4,9,MLPS/tabular/shared/dae_dnn/results/goliath_w2d_staged_current/denoising/ae_depth_to_width/cand_082_d10_w9/checkpoint_best.pt,MLPS/tabular/shared/dae_dnn/results/goliath_w2d_staged_current/denoising/ae_depth_to_width/cand_082_d10_w9/checkpoint_last.pt,False,width,0,0,0,True,0,0.7748282615585427,
denoising,ae_depth_to_width,83,cand_083_d10_w9,"[9, 9, 9, 9, 9, 9, 9, 9, 8, 8]",0.7728673433792168,1,6,MLPS/tabular/shared/dae_dnn/results/goliath_w2d_staged_current/denoising/ae_depth_to_width/cand_083_d10_w9/checkpoint_best.pt,MLPS/tabular/shared/dae_dnn/results/goliath_w2d_staged_current/denoising/ae_depth_to_width/cand_083_d10_w9/checkpoint_last.pt,False,width,0,0,0,True,0,0.7748282615585427,
denoising,ae_depth_to_width,84,cand_084_d10_w9,"[9, 9, 9, 9, 9, 9, 9, 9, 9, 8]",0.7725783559849717,5,10,MLPS/tabular/shared/dae_dnn/results/goliath_w2d_staged_current/denoising/ae_depth_to_width/cand_084_d10_w9/checkpoint_best.pt,MLPS/tabular/shared/dae_dnn/results/goliath_w2d_staged_current/denoising/ae_depth_to_width/cand_084_d10_w9/checkpoint_last.pt,True,width,0,0,0,True,0,0.7748282615585427,
denoising,ae_depth_to_width,85,cand_085_d10_w9,"[9, 9, 9, 9, 9, 9, 9, 9, 9, 9]",0.7559116443607623,7,12,MLPS/tabular/shared/dae_dnn/results/goliath_w2d_staged_current/denoising/ae_depth_to_width/cand_085_d10_w9/checkpoint_best.pt,MLPS/tabular/shared/dae_dnn/results/goliath_w2d_staged_current/denoising/ae_depth_to_width/cand_085_d10_w9/checkpoint_last.pt,True,width,0,0,0,False,0,0.7559116443607623,2.4413948401585395
denoising,ae_depth_to_width,86,cand_086_d10_w10,"[10, 9, 9, 9, 9, 9, 9, 9, 9, 9]",0.7547544519057304,14,19,MLPS/tabular/shared/dae_dnn/results/goliath_w2d_staged_current/denoising/ae_depth_to_width/cand_086_d10_w10/checkpoint_best.pt,MLPS/tabular/shared/dae_dnn/results/goliath_w2d_staged_current/denoising/ae_depth_to_width/cand_086_d10_w10/checkpoint_last.pt,True,width,0,0,0,True,0,0.7559116443607623,
denoising,ae_depth_to_width,87,cand_087_d10_w10,"[10, 10, 9, 9, 9, 9, 9, 9, 9, 9]",0.7545298245514886,2,7,MLPS/tabular/shared/dae_dnn/results/goliath_w2d_staged_current/denoising/ae_depth_to_width/cand_087_d10_w10/checkpoint_best.pt,MLPS/tabular/shared/dae_dnn/results/goliath_w2d_staged_current/denoising/ae_depth_to_width/cand_087_d10_w10/checkpoint_last.pt,True,width,0,0,0,True,0,0.7559116443607623,
denoising,ae_depth_to_width,88,cand_088_d10_w10,"[10, 10, 10, 9, 9, 9, 9, 9, 9, 9]",0.7550768690483411,5,10,MLPS/tabular/shared/dae_dnn/results/goliath_w2d_staged_current/denoising/ae_depth_to_width/cand_088_d10_w10/checkpoint_best.pt,MLPS/tabular/shared/dae_dnn/results/goliath_w2d_staged_current/denoising/ae_depth_to_width/cand_088_d10_w10/checkpoint_last.pt,False,width,0,0,0,True,0,0.7559116443607623,
denoising,ae_depth_to_width,89,cand_089_d10_w10,"[10, 10, 10, 10, 9, 9, 9, 9, 9, 9]",0.7543778271860261,3,8,MLPS/tabular/shared/dae_dnn/results/goliath_w2d_staged_current/denoising/ae_depth_to_width/cand_089_d10_w10/checkpoint_best.pt,MLPS/tabular/shared/dae_dnn/results/goliath_w2d_staged_current/denoising/ae_depth_to_width/cand_089_d10_w10/checkpoint_last.pt,True,width,0,0,0,True,0,0.7559116443607623,
denoising,ae_depth_to_width,90,cand_090_d10_w10,"[10, 10, 10, 10, 10, 9, 9, 9, 9, 9]",0.7545543910006427,3,8,MLPS/tabular/shared/dae_dnn/results/goliath_w2d_staged_current/denoising/ae_depth_to_width/cand_090_d10_w10/checkpoint_best.pt,MLPS/tabular/shared/dae_dnn/results/goliath_w2d_staged_current/denoising/ae_depth_to_width/cand_090_d10_w10/checkpoint_last.pt,False,width,0,0,0,True,0,0.7559116443607623,
denoising,ae_depth_to_width,91,cand_091_d10_w10,"[10, 10, 10, 10, 10, 10, 9, 9, 9, 9]",0.7544648151131305,7,12,MLPS/tabular/shared/dae_dnn/results/goliath_w2d_staged_current/denoising/ae_depth_to_width/cand_091_d10_w10/checkpoint_best.pt,MLPS/tabular/shared/dae_dnn/results/goliath_w2d_staged_current/denoising/ae_depth_to_width/cand_091_d10_w10/checkpoint_last.pt,False,width,0,0,0,True,0,0.7559116443607623,
denoising,ae_depth_to_width,92,cand_092_d10_w10,"[10, 10, 10, 10, 10, 10, 10, 9, 9, 9]",0.7545261117312726,1,6,MLPS/tabular/shared/dae_dnn/results/goliath_w2d_staged_current/denoising/ae_depth_to_width/cand_092_d10_w10/checkpoint_best.pt,MLPS/tabular/shared/dae_dnn/results/goliath_w2d_staged_current/denoising/ae_depth_to_width/cand_092_d10_w10/checkpoint_last.pt,False,width,0,0,0,True,0,0.7559116443607623,
denoising,ae_depth_to_width,93,cand_093_d10_w10,"[10, 10, 10, 10, 10, 10, 10, 10, 9, 9]",0.7542568106275506,4,9,MLPS/tabular/shared/dae_dnn/results/goliath_w2d_staged_current/denoising/ae_depth_to_width/cand_093_d10_w10/checkpoint_best.pt,MLPS/tabular/shared/dae_dnn/results/goliath_w2d_staged_current/denoising/ae_depth_to_width/cand_093_d10_w10/checkpoint_last.pt,True,width,0,0,0,True,0,0.7559116443607623,
denoising,ae_depth_to_width,94,cand_094_d10_w10,"[10, 10, 10, 10, 10, 10, 10, 10, 10, 9]",0.7543697269793289,3,8,MLPS/tabular/shared/dae_dnn/results/goliath_w2d_staged_current/denoising/ae_depth_to_width/cand_094_d10_w10/checkpoint_best.pt,MLPS/tabular/shared/dae_dnn/results/goliath_w2d_staged_current/denoising/ae_depth_to_width/cand_094_d10_w10/checkpoint_last.pt,False,width,0,0,0,True,0,0.7559116443607623,
denoising,ae_depth_to_width,95,cand_095_d10_w10,"[10, 10, 10, 10, 10, 10, 10, 10, 10, 10]",0.7345977727214706,10,15,MLPS/tabular/shared/dae_dnn/results/goliath_w2d_staged_current/denoising/ae_depth_to_width/cand_095_d10_w10/checkpoint_best.pt,MLPS/tabular/shared/dae_dnn/results/goliath_w2d_staged_current/denoising/ae_depth_to_width/cand_095_d10_w10/checkpoint_last.pt,True,width,0,0,0,False,0,0.7345977727214706,2.819624727082457
denoising,ae_depth_to_width,96,cand_096_d10_w11,"[11, 10, 10, 10, 10, 10, 10, 10, 10, 10]",0.7339932355771419,9,14,MLPS/tabular/shared/dae_dnn/results/goliath_w2d_staged_current/denoising/ae_depth_to_width/cand_096_d10_w11/checkpoint_best.pt,MLPS/tabular/shared/dae_dnn/results/goliath_w2d_staged_current/denoising/ae_depth_to_width/cand_096_d10_w11/checkpoint_last.pt,True,width,0,0,0,True,0,0.7345977727214706,
denoising,ae_depth_to_width,97,cand_097_d10_w11,"[11, 11, 10, 10, 10, 10, 10, 10, 10, 10]",0.7343485049172581,1,6,MLPS/tabular/shared/dae_dnn/results/goliath_w2d_staged_current/denoising/ae_depth_to_width/cand_097_d10_w11/checkpoint_best.pt,MLPS/tabular/shared/dae_dnn/results/goliath_w2d_staged_current/denoising/ae_depth_to_width/cand_097_d10_w11/checkpoint_last.pt,False,width,0,0,0,True,0,0.7345977727214706,
denoising,ae_depth_to_width,98,cand_098_d10_w11,"[11, 11, 11, 10, 10, 10, 10, 10, 10, 10]",0.7342100133173819,1,6,MLPS/tabular/shared/dae_dnn/results/goliath_w2d_staged_current/denoising/ae_depth_to_width/cand_098_d10_w11/checkpoint_best.pt,MLPS/tabular/shared/dae_dnn/results/goliath_w2d_staged_current/denoising/ae_depth_to_width/cand_098_d10_w11/checkpoint_last.pt,False,width,0,0,0,True,0,0.7345977727214706,
denoising,ae_depth_to_width,99,cand_099_d10_w11,"[11, 11, 11, 11, 10, 10, 10, 10, 10, 10]",0.7340389114214413,2,7,MLPS/tabular/shared/dae_dnn/results/goliath_w2d_staged_current/denoising/ae_depth_to_width/cand_099_d10_w11/checkpoint_best.pt,MLPS/tabular/shared/dae_dnn/results/goliath_w2d_staged_current/denoising/ae_depth_to_width/cand_099_d10_w11/checkpoint_last.pt,False,width,0,0,0,True,0,0.7345977727214706,
denoising,ae_depth_to_width,100,cand_100_d10_w11,"[11, 11, 11, 11, 11, 10, 10, 10, 10, 10]",0.7341302957699505,3,8,MLPS/tabular/shared/dae_dnn/results/goliath_w2d_staged_current/denoising/ae_depth_to_width/cand_100_d10_w11/checkpoint_best.pt,MLPS/tabular/shared/dae_dnn/results/goliath_w2d_staged_current/denoising/ae_depth_to_width/cand_100_d10_w11/checkpoint_last.pt,False,width,0,0,0,True,0,0.7345977727214706,
denoising,ae_depth_to_width,101,cand_101_d10_w11,"[11, 11, 11, 11, 11, 11, 10, 10, 10, 10]",0.7340822049388438,3,8,MLPS/tabular/shared/dae_dnn/results/goliath_w2d_staged_current/denoising/ae_depth_to_width/cand_101_d10_w11/checkpoint_best.pt,MLPS/tabular/shared/dae_dnn/results/goliath_w2d_staged_current/denoising/ae_depth_to_width/cand_101_d10_w11/checkpoint_last.pt,False,width,0,0,0,True,0,0.7345977727214706,
denoising,ae_depth_to_width,102,cand_102_d10_w11,"[11, 11, 11, 11, 11, 11, 11, 10, 10, 10]",0.7337051822700894,8,13,MLPS/tabular/shared/dae_dnn/results/goliath_w2d_staged_current/denoising/ae_depth_to_width/cand_102_d10_w11/checkpoint_best.pt,MLPS/tabular/shared/dae_dnn/results/goliath_w2d_staged_current/denoising/ae_depth_to_width/cand_102_d10_w11/checkpoint_last.pt,True,width,0,0,0,True,0,0.7345977727214706,
denoising,ae_depth_to_width,103,cand_103_d10_w11,"[11, 11, 11, 11, 11, 11, 11, 11, 10, 10]",0.7339844499011288,1,6,MLPS/tabular/shared/dae_dnn/results/goliath_w2d_staged_current/denoising/ae_depth_to_width/cand_103_d10_w11/checkpoint_best.pt,MLPS/tabular/shared/dae_dnn/results/goliath_w2d_staged_current/denoising/ae_depth_to_width/cand_103_d10_w11/checkpoint_last.pt,False,width,0,0,0,True,0,0.7345977727214706,
denoising,ae_depth_to_width,104,cand_104_d10_w11,"[11, 11, 11, 11, 11, 11, 11, 11, 11, 10]",0.7326768122686396,16,21,MLPS/tabular/shared/dae_dnn/results/goliath_w2d_staged_current/denoising/ae_depth_to_width/cand_104_d10_w11/checkpoint_best.pt,MLPS/tabular/shared/dae_dnn/results/goliath_w2d_staged_current/denoising/ae_depth_to_width/cand_104_d10_w11/checkpoint_last.pt,True,width,0,0,0,True,0,0.7345977727214706,
denoising,ae_depth_to_width,105,cand_105_d10_w11,"[11, 11, 11, 11, 11, 11, 11, 11, 11, 11]",0.7119282443234807,12,17,MLPS/tabular/shared/dae_dnn/results/goliath_w2d_staged_current/denoising/ae_depth_to_width/cand_105_d10_w11/checkpoint_best.pt,MLPS/tabular/shared/dae_dnn/results/goliath_w2d_staged_current/denoising/ae_depth_to_width/cand_105_d10_w11/checkpoint_last.pt,True,width,0,0,0,False,0,0.7119282443234807,3.085978373444555
denoising,ae_depth_to_width,106,cand_106_d10_w12,"[12, 11, 11, 11, 11, 11, 11, 11, 11, 11]",0.7114722362028498,7,12,MLPS/tabular/shared/dae_dnn/results/goliath_w2d_staged_current/denoising/ae_depth_to_width/cand_106_d10_w12/checkpoint_best.pt,MLPS/tabular/shared/dae_dnn/results/goliath_w2d_staged_current/denoising/ae_depth_to_width/cand_106_d10_w12/checkpoint_last.pt,True,width,0,0,0,True,0,0.7119282443234807,
denoising,ae_depth_to_width,107,cand_107_d10_w12,"[12, 12, 11, 11, 11, 11, 11, 11, 11, 11]",0.7109612779455959,12,17,MLPS/tabular/shared/dae_dnn/results/goliath_w2d_staged_current/denoising/ae_depth_to_width/cand_107_d10_w12/checkpoint_best.pt,MLPS/tabular/shared/dae_dnn/results/goliath_w2d_staged_current/denoising/ae_depth_to_width/cand_107_d10_w12/checkpoint_last.pt,True,width,0,0,0,True,0,0.7119282443234807,
denoising,ae_depth_to_width,108,cand_108_d10_w12,"[12, 12, 12, 11, 11, 11, 11, 11, 11, 11]",0.7110761380914143,4,9,MLPS/tabular/shared/dae_dnn/results/goliath_w2d_staged_current/denoising/ae_depth_to_width/cand_108_d10_w12/checkpoint_best.pt,MLPS/tabular/shared/dae_dnn/results/goliath_w2d_staged_current/denoising/ae_depth_to_width/cand_108_d10_w12/checkpoint_last.pt,False,width,0,0,0,True,0,0.7119282443234807,
denoising,ae_depth_to_width,109,cand_109_d10_w12,"[12, 12, 12, 12, 11, 11, 11, 11, 11, 11]",0.7110506958547934,3,8,MLPS/tabular/shared/dae_dnn/results/goliath_w2d_staged_current/denoising/ae_depth_to_width/cand_109_d10_w12/checkpoint_best.pt,MLPS/tabular/shared/dae_dnn/results/goliath_w2d_staged_current/denoising/ae_depth_to_width/cand_109_d10_w12/checkpoint_last.pt,False,width,0,0,0,True,0,0.7119282443234807,
denoising,ae_depth_to_width,110,cand_110_d10_w12,"[12, 12, 12, 12, 12, 11, 11, 11, 11, 11]",0.710899064095467,12,17,MLPS/tabular/shared/dae_dnn/results/goliath_w2d_staged_current/denoising/ae_depth_to_width/cand_110_d10_w12/checkpoint_best.pt,MLPS/tabular/shared/dae_dnn/results/goliath_w2d_staged_current/denoising/ae_depth_to_width/cand_110_d10_w12/checkpoint_last.pt,False,width,0,0,0,True,0,0.7119282443234807,
denoising,ae_depth_to_width,111,cand_111_d10_w12,"[12, 12, 12, 12, 12, 12, 11, 11, 11, 11]",0.710769479451119,6,11,MLPS/tabular/shared/dae_dnn/results/goliath_w2d_staged_current/denoising/ae_depth_to_width/cand_111_d10_w12/checkpoint_best.pt,MLPS/tabular/shared/dae_dnn/results/goliath_w2d_staged_current/denoising/ae_depth_to_width/cand_111_d10_w12/checkpoint_last.pt,True,width,0,0,0,True,0,0.7119282443234807,
denoising,ae_depth_to_width,112,cand_112_d10_w12,"[12, 12, 12, 12, 12, 12, 12, 11, 11, 11]",0.7107995505673621,5,10,MLPS/tabular/shared/dae_dnn/results/goliath_w2d_staged_current/denoising/ae_depth_to_width/cand_112_d10_w12/checkpoint_best.pt,MLPS/tabular/shared/dae_dnn/results/goliath_w2d_staged_current/denoising/ae_depth_to_width/cand_112_d10_w12/checkpoint_last.pt,False,width,0,0,0,True,0,0.7119282443234807,
denoising,ae_depth_to_width,113,cand_113_d10_w12,"[12, 12, 12, 12, 12, 12, 12, 12, 11, 11]",0.7108492620239443,2,7,MLPS/tabular/shared/dae_dnn/results/goliath_w2d_staged_current/denoising/ae_depth_to_width/cand_113_d10_w12/checkpoint_best.pt,MLPS/tabular/shared/dae_dnn/results/goliath_w2d_staged_current/denoising/ae_depth_to_width/cand_113_d10_w12/checkpoint_last.pt,False,width,0,0,0,True,0,0.7119282443234807,
denoising,ae_depth_to_width,114,cand_114_d10_w12,"[12, 12, 12, 12, 12, 12, 12, 12, 12, 11]",0.7105492616977604,9,14,MLPS/tabular/shared/dae_dnn/results/goliath_w2d_staged_current/denoising/ae_depth_to_width/cand_114_d10_w12/checkpoint_best.pt,MLPS/tabular/shared/dae_dnn/results/goliath_w2d_staged_current/denoising/ae_depth_to_width/cand_114_d10_w12/checkpoint_last.pt,True,width,0,0,0,True,0,0.7119282443234807,
denoising,ae_depth_to_width,115,cand_115_d10_w12,"[12, 12, 12, 12, 12, 12, 12, 12, 12, 12]",0.692505943461463,12,17,MLPS/tabular/shared/dae_dnn/results/goliath_w2d_staged_current/denoising/ae_depth_to_width/cand_115_d10_w12/checkpoint_best.pt,MLPS/tabular/shared/dae_dnn/results/goliath_w2d_staged_current/denoising/ae_depth_to_width/cand_115_d10_w12/checkpoint_last.pt,True,width,0,0,0,False,0,0.692505943461463,2.728126186435261
denoising,ae_depth_to_width,116,cand_116_d10_w13,"[13, 12, 12, 12, 12, 12, 12, 12, 12, 12]",0.6912300888452737,21,26,MLPS/tabular/shared/dae_dnn/results/goliath_w2d_staged_current/denoising/ae_depth_to_width/cand_116_d10_w13/checkpoint_best.pt,MLPS/tabular/shared/dae_dnn/results/goliath_w2d_staged_current/denoising/ae_depth_to_width/cand_116_d10_w13/checkpoint_last.pt,True,width,0,0,0,True,0,0.692505943461463,
denoising,ae_depth_to_width,117,cand_117_d10_w13,"[13, 13, 12, 12, 12, 12, 12, 12, 12, 12]",0.6905708044956654,9,14,MLPS/tabular/shared/dae_dnn/results/goliath_w2d_staged_current/denoising/ae_depth_to_width/cand_117_d10_w13/checkpoint_best.pt,MLPS/tabular/shared/dae_dnn/results/goliath_w2d_staged_current/denoising/ae_depth_to_width/cand_117_d10_w13/checkpoint_last.pt,True,width,0,0,0,True,0,0.692505943461463,
denoising,ae_depth_to_width,118,cand_118_d10_w13,"[13, 13, 13, 12, 12, 12, 12, 12, 12, 12]",0.6907695997563765,2,7,MLPS/tabular/shared/dae_dnn/results/goliath_w2d_staged_current/denoising/ae_depth_to_width/cand_118_d10_w13/checkpoint_best.pt,MLPS/tabular/shared/dae_dnn/results/goliath_w2d_staged_current/denoising/ae_depth_to_width/cand_118_d10_w13/checkpoint_last.pt,False,width,0,0,0,True,0,0.692505943461463,
denoising,ae_depth_to_width,119,cand_119_d10_w13,"[13, 13, 13, 13, 12, 12, 12, 12, 12, 12]",0.6908351860551776,1,6,MLPS/tabular/shared/dae_dnn/results/goliath_w2d_staged_current/denoising/ae_depth_to_width/cand_119_d10_w13/checkpoint_best.pt,MLPS/tabular/shared/dae_dnn/results/goliath_w2d_staged_current/denoising/ae_depth_to_width/cand_119_d10_w13/checkpoint_last.pt,False,width,0,0,0,True,0,0.692505943461463,
denoising,ae_depth_to_width,120,cand_120_d10_w13,"[13, 13, 13, 13, 13, 12, 12, 12, 12, 12]",0.6906286884229468,7,12,MLPS/tabular/shared/dae_dnn/results/goliath_w2d_staged_current/denoising/ae_depth_to_width/cand_120_d10_w13/checkpoint_best.pt,MLPS/tabular/shared/dae_dnn/results/goliath_w2d_staged_current/denoising/ae_depth_to_width/cand_120_d10_w13/checkpoint_last.pt,False,width,0,0,0,True,0,0.692505943461463,
denoising,ae_depth_to_width,121,cand_121_d10_w13,"[13, 13, 13, 13, 13, 13, 12, 12, 12, 12]",0.6906752827764532,2,7,MLPS/tabular/shared/dae_dnn/results/goliath_w2d_staged_current/denoising/ae_depth_to_width/cand_121_d10_w13/checkpoint_best.pt,MLPS/tabular/shared/dae_dnn/results/goliath_w2d_staged_current/denoising/ae_depth_to_width/cand_121_d10_w13/checkpoint_last.pt,False,width,0,0,0,True,0,0.692505943461463,
denoising,ae_depth_to_width,122,cand_122_d10_w13,"[13, 13, 13, 13, 13, 13, 13, 12, 12, 12]",0.6904634740914362,7,12,MLPS/tabular/shared/dae_dnn/results/goliath_w2d_staged_current/denoising/ae_depth_to_width/cand_122_d10_w13/checkpoint_best.pt,MLPS/tabular/shared/dae_dnn/results/goliath_w2d_staged_current/denoising/ae_depth_to_width/cand_122_d10_w13/checkpoint_last.pt,True,width,0,0,0,True,0,0.692505943461463,
denoising,ae_depth_to_width,123,cand_123_d10_w13,"[13, 13, 13, 13, 13, 13, 13, 13, 12, 12]",0.6906013577056751,1,6,MLPS/tabular/shared/dae_dnn/results/goliath_w2d_staged_current/denoising/ae_depth_to_width/cand_123_d10_w13/checkpoint_best.pt,MLPS/tabular/shared/dae_dnn/results/goliath_w2d_staged_current/denoising/ae_depth_to_width/cand_123_d10_w13/checkpoint_last.pt,False,width,0,0,0,True,0,0.692505943461463,
denoising,ae_depth_to_width,124,cand_124_d10_w13,"[13, 13, 13, 13, 13, 13, 13, 13, 13, 12]",0.6904878644226681,7,12,MLPS/tabular/shared/dae_dnn/results/goliath_w2d_staged_current/denoising/ae_depth_to_width/cand_124_d10_w13/checkpoint_best.pt,MLPS/tabular/shared/dae_dnn/results/goliath_w2d_staged_current/denoising/ae_depth_to_width/cand_124_d10_w13/checkpoint_last.pt,False,width,0,0,0,True,0,0.692505943461463,
denoising,ae_depth_to_width,125,cand_125_d10_w13,"[13, 13, 13, 13, 13, 13, 13, 13, 13, 13]",0.6724290889941982,29,34,MLPS/tabular/shared/dae_dnn/results/goliath_w2d_staged_current/denoising/ae_depth_to_width/cand_125_d10_w13/checkpoint_best.pt,MLPS/tabular/shared/dae_dnn/results/goliath_w2d_staged_current/denoising/ae_depth_to_width/cand_125_d10_w13/checkpoint_last.pt,True,width,0,0,0,False,0,0.6724290889941982,2.8991598782403902
denoising,ae_depth_to_width,126,cand_126_d10_w14,"[14, 13, 13, 13, 13, 13, 13, 13, 13, 13]",0.6720575310222023,8,13,MLPS/tabular/shared/dae_dnn/results/goliath_w2d_staged_current/denoising/ae_depth_to_width/cand_126_d10_w14/checkpoint_best.pt,MLPS/tabular/shared/dae_dnn/results/goliath_w2d_staged_current/denoising/ae_depth_to_width/cand_126_d10_w14/checkpoint_last.pt,True,width,0,0,0,True,0,0.6724290889941982,
denoising,ae_depth_to_width,127,cand_127_d10_w14,"[14, 14, 13, 13, 13, 13, 13, 13, 13, 13]",0.6720495247732754,4,9,MLPS/tabular/shared/dae_dnn/results/goliath_w2d_staged_current/denoising/ae_depth_to_width/cand_127_d10_w14/checkpoint_best.pt,MLPS/tabular/shared/dae_dnn/results/goliath_w2d_staged_current/denoising/ae_depth_to_width/cand_127_d10_w14/checkpoint_last.pt,False,width,0,0,0,True,0,0.6724290889941982,
denoising,ae_depth_to_width,128,cand_128_d10_w14,"[14, 14, 14, 13, 13, 13, 13, 13, 13, 13]",0.6717989351054449,1,6,MLPS/tabular/shared/dae_dnn/results/goliath_w2d_staged_current/denoising/ae_depth_to_width/cand_128_d10_w14/checkpoint_best.pt,MLPS/tabular/shared/dae_dnn/results/goliath_w2d_staged_current/denoising/ae_depth_to_width/cand_128_d10_w14/checkpoint_last.pt,True,width,0,0,0,True,0,0.6724290889941982,
denoising,ae_depth_to_width,129,cand_129_d10_w14,"[14, 14, 14, 14, 13, 13, 13, 13, 13, 13]",0.6715316592306179,11,16,MLPS/tabular/shared/dae_dnn/results/goliath_w2d_staged_current/denoising/ae_depth_to_width/cand_129_d10_w14/checkpoint_best.pt,MLPS/tabular/shared/dae_dnn/results/goliath_w2d_staged_current/denoising/ae_depth_to_width/cand_129_d10_w14/checkpoint_last.pt,True,width,0,0,0,True,0,0.6724290889941982,
denoising,ae_depth_to_width,130,cand_130_d10_w14,"[14, 14, 14, 14, 14, 13, 13, 13, 13, 13]",0.6703938383677214,15,20,MLPS/tabular/shared/dae_dnn/results/goliath_w2d_staged_current/denoising/ae_depth_to_width/cand_130_d10_w14/checkpoint_best.pt,MLPS/tabular/shared/dae_dnn/results/goliath_w2d_staged_current/denoising/ae_depth_to_width/cand_130_d10_w14/checkpoint_last.pt,True,width,0,0,0,True,0,0.6724290889941982,
denoising,ae_depth_to_width,131,cand_131_d10_w14,"[14, 14, 14, 14, 14, 14, 13, 13, 13, 13]",0.6698104511613093,19,24,MLPS/tabular/shared/dae_dnn/results/goliath_w2d_staged_current/denoising/ae_depth_to_width/cand_131_d10_w14/checkpoint_best.pt,MLPS/tabular/shared/dae_dnn/results/goliath_w2d_staged_current/denoising/ae_depth_to_width/cand_131_d10_w14/checkpoint_last.pt,True,width,0,0,0,True,0,0.6724290889941982,
denoising,ae_depth_to_width,132,cand_132_d10_w14,"[14, 14, 14, 14, 14, 14, 14, 13, 13, 13]",0.6691613103207313,7,12,MLPS/tabular/shared/dae_dnn/results/goliath_w2d_staged_current/denoising/ae_depth_to_width/cand_132_d10_w14/checkpoint_best.pt,MLPS/tabular/shared/dae_dnn/results/goliath_w2d_staged_current/denoising/ae_depth_to_width/cand_132_d10_w14/checkpoint_last.pt,True,width,0,0,0,True,0,0.6724290889941982,
denoising,ae_depth_to_width,133,cand_133_d10_w14,"[14, 14, 14, 14, 14, 14, 14, 14, 13, 13]",0.6690060438224427,3,8,MLPS/tabular/shared/dae_dnn/results/goliath_w2d_staged_current/denoising/ae_depth_to_width/cand_133_d10_w14/checkpoint_best.pt,MLPS/tabular/shared/dae_dnn/results/goliath_w2d_staged_current/denoising/ae_depth_to_width/cand_133_d10_w14/checkpoint_last.pt,True,width,0,0,0,True,0,0.6724290889941982,
denoising,ae_depth_to_width,134,cand_134_d10_w14,"[14, 14, 14, 14, 14, 14, 14, 14, 14, 13]",0.6690742666391093,1,6,MLPS/tabular/shared/dae_dnn/results/goliath_w2d_staged_current/denoising/ae_depth_to_width/cand_134_d10_w14/checkpoint_best.pt,MLPS/tabular/shared/dae_dnn/results/goliath_w2d_staged_current/denoising/ae_depth_to_width/cand_134_d10_w14/checkpoint_last.pt,False,width,0,0,0,True,0,0.6724290889941982,
denoising,ae_depth_to_width,135,cand_135_d10_w14,"[14, 14, 14, 14, 14, 14, 14, 14, 14, 14]",0.6507272178851886,6,11,MLPS/tabular/shared/dae_dnn/results/goliath_w2d_staged_current/denoising/ae_depth_to_width/cand_135_d10_w14/checkpoint_best.pt,MLPS/tabular/shared/dae_dnn/results/goliath_w2d_staged_current/denoising/ae_depth_to_width/cand_135_d10_w14/checkpoint_last.pt,True,width,0,0,0,False,0,0.6507272178851886,3.227384338989655
denoising,ae_depth_to_width,136,cand_136_d10_w15,"[15, 14, 14, 14, 14, 14, 14, 14, 14, 14]",0.6496030956907335,17,22,MLPS/tabular/shared/dae_dnn/results/goliath_w2d_staged_current/denoising/ae_depth_to_width/cand_136_d10_w15/checkpoint_best.pt,MLPS/tabular/shared/dae_dnn/results/goliath_w2d_staged_current/denoising/ae_depth_to_width/cand_136_d10_w15/checkpoint_last.pt,True,width,0,0,0,True,0,0.6507272178851886,
denoising,ae_depth_to_width,137,cand_137_d10_w15,"[15, 15, 14, 14, 14, 14, 14, 14, 14, 14]",0.6495707692002243,1,6,MLPS/tabular/shared/dae_dnn/results/goliath_w2d_staged_current/denoising/ae_depth_to_width/cand_137_d10_w15/checkpoint_best.pt,MLPS/tabular/shared/dae_dnn/results/goliath_w2d_staged_current/denoising/ae_depth_to_width/cand_137_d10_w15/checkpoint_last.pt,False,width,0,0,0,True,0,0.6507272178851886,
denoising,ae_depth_to_width,138,cand_138_d10_w15,"[15, 15, 15, 14, 14, 14, 14, 14, 14, 14]",0.64931601783281,3,8,MLPS/tabular/shared/dae_dnn/results/goliath_w2d_staged_current/denoising/ae_depth_to_width/cand_138_d10_w15/checkpoint_best.pt,MLPS/tabular/shared/dae_dnn/results/goliath_w2d_staged_current/denoising/ae_depth_to_width/cand_138_d10_w15/checkpoint_last.pt,True,width,0,0,0,True,0,0.6507272178851886,
denoising,ae_depth_to_width,139,cand_139_d10_w15,"[15, 15, 15, 15, 14, 14, 14, 14, 14, 14]",0.649245609911056,8,13,MLPS/tabular/shared/dae_dnn/results/goliath_w2d_staged_current/denoising/ae_depth_to_width/cand_139_d10_w15/checkpoint_best.pt,MLPS/tabular/shared/dae_dnn/results/goliath_w2d_staged_current/denoising/ae_depth_to_width/cand_139_d10_w15/checkpoint_last.pt,False,width,0,0,0,True,0,0.6507272178851886,
denoising,ae_depth_to_width,140,cand_140_d10_w15,"[15, 15, 15, 15, 15, 14, 14, 14, 14, 14]",0.6492315296599386,4,9,MLPS/tabular/shared/dae_dnn/results/goliath_w2d_staged_current/denoising/ae_depth_to_width/cand_140_d10_w15/checkpoint_best.pt,MLPS/tabular/shared/dae_dnn/results/goliath_w2d_staged_current/denoising/ae_depth_to_width/cand_140_d10_w15/checkpoint_last.pt,False,width,0,0,0,True,0,0.6507272178851886,
